code,area_km2,bike_st,bus_st,sub_st,sub_dist_km,slope_pct,gu,nm,pop,elder_pct,recip_pct,pop_density,bike_density,bus_density,car15,all15,car15_pkm,car_share15,gap,vuln,forced
11110530,1.164080867873984,16,30,1,0.3539859952644441,3.6,종로구,사직동,8874.0,22.627901735406805,1.431147171512283,7623.181726375253,13.74474956299347,25.77140543061276,3749.6075000000105,22448.874999999916,10009.318484999989,0.167028748656671,False,0.31633620605538226,False
11110540,1.35970906572464,6,16,0,1.0949911528874734,10.9,종로구,삼청동,2048.0,29.58984375,2.44140625,1506.2045636273992,4.412708682502146,11.767223153339057,1008.1675000000004,5172.387499999992,2667.078942499999,0.1949133741429856,False,0.6938977446031062,False
11110550,2.199516414237728,5,33,0,1.980654356461076,10.5,종로구,부암동,8868.0,23.17320703653586,1.6576454668470906,4031.795326734729,2.273226954631669,15.003297900569017,1639.4824999999987,6179.612499999956,5048.338252500007,0.2653050656493446,False,0.586404086626354,True
11110560,9.008912053632937,7,55,0,3.1935052741565886,16.4,종로구,평창동,16938.0,24.436179005785807,0.991852639036486,1880.138234135561,0.7770083622003147,6.105065703002472,2645.7099999999978,7821.299999999962,8676.857850000002,0.3382698528377649,False,0.6005419052207396,True
11110570,0.4669206708241882,3,3,0,0.3473069974133869,18.0,종로구,무악동,7694.0,21.419287756693528,3.275279438523525,16478.173875701163,6.425074295178514,6.425074295178514,381.2175,2870.6225000000118,1112.7379925,0.1327995931196103,False,0.3606836587179063,False
11110580,0.3454732044620413,5,23,0,0.6451741103760031,5.4,종로구,교남동,9473.0,19.48696294732397,2.765755304549773,27420.36105159305,14.472902486853718,66.5753514395271,1085.9025,6569.959999999969,2711.460224999998,0.1652829697593296,False,0.41797379912112476,False
11110600,0.6045698782170427,5,22,0,0.8754228418996258,4.1,종로구,가회동,3532.0,25.6228765571914,2.60475651189128,5842.1699910295565,8.270342569407639,36.389507305393614,722.7649999999996,5960.314999999989,2017.6707425,0.1212628862736283,False,0.625550809328275,False
11110615,2.3907059971252616,32,70,4,0.6454536458560727,3.4,종로구,종로1·2·3·4가동,6625.0,28.40754716981132,13.871698113207549,2771.1479403851104,13.385167410162042,29.28005370972947,5587.489999999988,46653.62250000077,16446.264770000023,0.1197654051408311,False,0.8408952101082701,False
11110630,0.6325281326523149,11,21,2,0.302447170857373,1.0,종로구,종로5·6가동,5388.0,21.288047512991835,6.106161841128434,8518.198198405906,17.390530843070703,33.200104336771346,1335.722499999999,11755.217500000004,3831.305812499993,0.113628054946665,False,0.4517194330049478,False
11110640,0.7548584274274193,5,17,1,0.2800451543856104,6.9,종로구,이화동,7061.0,21.356748335929755,4.121229287636313,9354.071894069071,6.623758599397444,22.52077923795131,8416.05000000006,36173.32250000059,21033.738782500022,0.2326590265519547,True,0.36727169886689676,False
11110670,0.3133659699220125,3,9,1,0.2243313022079156,1.7,종로구,창신1동,4372.0,31.51875571820677,10.887465690759376,13951.738285711308,9.573470918832095,28.72041275649629,768.7450000000003,6290.080000000015,2141.5864075000027,0.1222154567191512,False,0.667236024575179,False
11110680,0.2495349828980232,0,1,0,0.5685801685094735,8.5,종로구,창신2동,7078.0,29.44334557784685,9.225769991523029,28364.76039470805,0.0,4.007454138839792,268.9925,2375.5500000000043,704.6159900000002,0.1132337774410134,False,0.7969394014135794,False
11110690,0.2200872304248327,5,6,0,0.2601209993452534,14.9,종로구,창신3동,6048.0,25.04960317460317,4.348544973544974,27480.0132126048,22.71826489137301,27.26191786964762,349.31500000000017,2441.715000000004,951.0577049999998,0.1430613318917235,False,0.4587564789842285,False
11110700,0.2367916967108804,1,10,1,0.2524016315782497,5.7,종로구,숭인1동,5678.0,25.27298344487496,6.375484325466713,23978.881349597166,4.223121054877979,42.23121054877979,369.8475,3469.9475000000148,919.0306150000004,0.1065859065591045,False,0.5480323934351519,False
11110710,0.3209977382709508,4,9,0,0.266934596903173,2.4,종로구,숭인2동,10240.0,18.955078125,5.546875,31900.53629398636,12.461146989838422,28.037580727136447,1036.5750000000005,8186.265000000025,2692.187315,0.1266236800299034,False,0.3579924642135357,False
11110515,2.435090926587131,6,30,0,1.0409011377106216,9.9,종로구,청운효자동,10682.0,21.522186856393933,2.396554952256132,4386.694510406317,2.463973699909933,12.319868499549663,1817.1075000000023,10088.762499999992,5135.935915000001,0.1801120305884892,False,0.5449892690447039,False
11110650,1.1631939431680036,9,38,0,0.4945130456801999,6.6,종로구,혜화동,15719.0,18.239073732425727,2.417456581207456,13513.653584877426,7.7373167672178145,32.66867079491966,1787.3699999999967,13093.07250000006,4994.968479999996,0.1365126481962112,False,0.3159116598913391,False
11140520,0.9341728299363418,16,38,1,0.1337749501483785,5.1,중구,소공동,2207.0,13.004077933846853,1.676483914816493,2362.51786529736,17.127451674108638,40.67769772600801,2380.340000000001,19777.91499999999,6335.373834999998,0.1203534346264509,False,0.0662318842638027,False
11140540,0.8914693841958669,16,32,2,0.278218189699209,6.7,중구,회현동,4042.0,32.90450272142504,10.53933696190005,4534.087285169092,17.94789623025865,35.8957924605173,2679.1200000000017,24103.85000000003,6992.112197500004,0.1111490488034068,False,0.686017182047615,False
11140550,1.0052446598311915,23,34,2,0.0930578356742668,3.6,중구,명동,2494.0,30.03207698476343,2.165196471531676,2480.988061571808,22.88000217167265,33.82261190595087,3988.442499999997,27755.41000000034,10951.550460000024,0.1436996427002861,False,0.3933428889096138,False
11140570,1.4760295964215189,5,10,1,0.5049560194591254,12.5,중구,필동,4311.0,22.593365808397124,2.9923451635351426,2920.6731426331653,3.387465950629976,6.774931901259952,1906.9874999999984,9927.62749999996,4891.426879999997,0.1920889457224303,False,0.45542538804997496,False
11140580,1.001377657071835,6,13,1,0.4563476952043466,7.4,중구,장충동,4589.0,21.181085203748093,3.9877969056439313,4582.686629357064,5.991745429536366,12.982115097328792,1765.732499999997,6884.297499999992,5189.7950925000005,0.2564869545512812,False,0.439906387334122,False
11140590,0.7515536192609396,9,24,1,0.1715828817287906,1.7,중구,광희동,5722.0,22.282418734708145,4.456483746941629,7613.561898120965,11.975193478344757,31.933849275586013,1902.162499999998,14901.15250000002,4587.531864999997,0.12765203899497,False,0.38170064009105514,False
11140605,0.5985948516723302,10,16,2,0.1274826914980896,1.7,중구,을지로동,3050.0,17.147540983606557,5.180327868852459,5095.266007515823,16.70579018857647,26.72926430172235,1360.0950000000005,10449.704999999987,3503.812627500003,0.1301563058478685,False,0.27070301657118717,False
11140650,0.3151481151321668,3,9,0,0.6022093239525176,4.2,중구,신당5동,9945.0,21.87028657616893,6.495726495726496,31556.59044899972,9.519333468778196,28.55800040633459,668.5374999999998,4901.837500000011,1755.9770200000014,0.1363850800847638,False,0.626509102230832,False
11140670,0.3143946390097433,1,6,0,0.4454764997370513,1.5,중구,황학동,13198.0,18.38157296560085,4.705258372480679,41979.08730750012,3.180715813570248,19.084294881421485,893.7349999999998,6674.642499999995,2261.25978,0.133900055321315,False,0.4022172240340785,False
11140680,0.4914826475581549,9,8,0,0.4725201911394293,6.3,중구,중림동,11886.0,19.77957260642773,5.85562847046946,24183.966736269325,18.31193846764462,16.277278637906328,1029.7350000000006,6689.064999999956,2790.6644125000007,0.1539430398717918,False,0.4896959842330362,False
11140615,0.5405053787318476,7,8,1,0.257901655224763,2.3,중구,신당동,7276.0,23.873007146783948,7.957669048927983,13461.475660188997,12.950842443832183,14.800962792951063,1811.4375,11474.559999999969,4872.256012499998,0.1578655303558485,False,0.5496776873506547,False
11140625,0.5457496029189838,3,8,0,0.2048091847625557,4.9,중구,다산동,12837.0,25.30186180571785,4.51039962608086,23521.77616133904,5.497026445744108,14.658737188650957,1544.29,8980.365000000009,4318.290420000002,0.171962943599731,False,0.461259491862795,False
11140635,0.5110292667275154,3,13,2,0.322972482038189,8.7,중구,약수동,15633.0,28.62534382396213,6.15364933154225,30591.202926809343,5.870505263252609,25.438856140761303,1238.32,6443.579999999996,3831.225162500005,0.192178881925886,False,0.6077035113928655,False
11140645,0.3295092965704359,1,3,1,0.413332758496333,9.4,중구,청구동,10631.0,26.0464678769636,7.158310601072335,32263.12614135158,3.034815740885296,9.104447222655889,484.2749999999997,3620.475000000001,1420.4872299999995,0.1337600729186086,False,0.6625809555776166,False
11140665,0.344369201245407,2,6,0,0.3902658373946188,5.0,중구,동화동,9737.0,24.750949984594843,2.49563520591558,28274.88626969618,5.807720297770603,17.42316089331181,648.2900000000006,4616.687500000033,1745.2730800000002,0.1404231930361316,False,0.4242462306733788,False
11170510,0.8591637281459438,4,16,0,0.9406573827063324,10.1,용산구,후암동,15573.0,21.55654016567136,6.492005393951069,18125.76519449464,4.655690026197814,18.62276010479125,1198.8774999999996,6808.437499999984,3200.8470375,0.1760870243723324,False,0.7109809804265335,False
11170520,1.98264880397126,3,27,1,0.5252334837451079,6.4,용산구,용산2가동,8405.0,25.758477096966093,8.316478286734087,4239.278274177819,1.5131272840610897,13.618145556549807,1119.6725000000004,5902.730000000006,3183.166567499998,0.1896872294683984,False,0.7268920985231149,False
11170530,1.1626445460000077,8,21,3,0.2527886711521428,3.8,용산구,남영동,7029.0,24.199743918053777,20.44387537345284,6045.699886678824,6.880864858931655,18.062270254695598,2579.0549999999976,18151.90250000007,6835.533315000003,0.1420818010674081,False,0.5954949029474633,False
11170570,0.7936202255687598,7,24,0,0.8928710991100849,4.3,용산구,원효로2동,13321.0,19.713234742136475,3.9411455596426697,16785.10649152535,8.820339722293928,30.24116476215061,1150.8925000000008,5805.847499999984,3311.376727500002,0.1982298880568261,False,0.5389899178307759,False
11170580,0.4170454916198337,2,12,0,0.4848065566872178,6.4,용산구,효창동,10377.0,17.365327165847546,1.7442420738170954,24882.17762454405,4.795639900654149,28.77383940392489,871.5899999999992,5515.7900000000445,2242.5178950000004,0.1580172559143825,False,0.25678344132144476,False
11170590,0.2675681271406821,2,20,1,0.2909822076300491,2.3,용산구,용문동,11024.0,22.50544267053701,4.2906386066763424,41200.72191634318,7.474731842587659,74.7473184258766,609.4025000000009,4127.6749999999865,1718.8626974999995,0.1476381982593113,False,0.41059455452083277,False
11170630,2.886763898586512,9,24,1,0.8662641086767316,1.2,용산구,이촌1동,24926.0,19.345261975447325,0.3289737623365161,8634.582139607912,3.117677896833475,8.313807724889267,2809.7000000000025,10697.402500000077,8706.125352499996,0.2626525457932412,False,0.3937116249534674,True
11170640,1.1743144365064957,4,9,0,1.1122363160575648,1.3,용산구,이촌2동,7695.0,25.14619883040936,2.7550357374918777,6552.759432041126,3.4062427197094878,7.664046119346347,553.8650000000002,2360.847499999996,1651.6237949999993,0.2346043105283171,False,0.649794704498038,False
11170650,0.5324821799397154,5,14,1,0.1597652698839483,5.0,용산구,이태원1동,5398.0,25.231567247128567,5.242682474990738,10137.428449926963,9.38998559644958,26.29195967005882,1617.807499999999,6185.162500000006,5266.742442499999,0.26156265094086,False,0.479501169040543,False
11170660,0.890030679607352,1,21,0,0.7920211496635345,12.6,용산구,이태원2동,8336.0,22.44481765834933,3.814779270633397,9365.969276112512,1.1235567749655129,23.59469227427577,1788.4674999999995,6430.68750000002,5508.279550000003,0.2781145095295012,False,0.5879952010660837,True
11170690,2.8370764267476627,10,21,1,0.3149005758524023,2.9,용산구,서빙고동,12167.0,20.21040519437824,3.509492890605737,4288.569699882169,3.5247552394856325,7.401986002919828,2865.805000000004,9683.072500000137,8528.344995000014,0.2959602956602838,False,0.323778204164992,False
11170700,0.8710858233854641,1,9,0,0.7871981467702994,7.1,용산구,보광동,5043.0,25.12393416617093,14.19789807654174,5789.32622321925,1.1479925090658831,10.331932581592952,922.3874999999996,2874.8374999999883,2815.221520000003,0.3208485697017669,False,0.8311633401257564,False
11170555,0.9211562555672896,4,24,0,0.5792812654565094,5.1,용산구,청파동,18775.0,19.48868175765645,6.844207723035952,20381.992616917647,4.342368600142241,26.05421160085345,1797.6375000000012,11735.932499999995,5040.627004999999,0.153173810432192,False,0.5635489218836636,False
11170560,0.5628275212614324,9,21,0,0.5242689556262395,1.5,용산구,원효로1동,17021.0,13.37171729040597,2.690793725398038,30241.94687895117,15.990689260945922,37.311608275540486,961.7325000000004,5816.497499999972,2686.996049999999,0.1653456397084336,False,0.26148472067771267,False
11170625,2.8189839761503444,21,40,3,0.0312751881517251,1.7,용산구,한강로동,20860.0,17.15723873441994,2.123681687440077,7399.829220911994,7.44949250427382,14.189509531950131,10903.752500000091,42886.87250000039,35288.35981000007,0.2542445243588231,True,0.12622555420738085,False
11170685,3.188686220713362,13,34,2,0.4206251573115429,8.2,용산구,한남동,13698.0,20.13432617900424,1.343261790042342,4295.813087853947,4.076914158424684,10.662698568187633,5768.927499999989,19042.89750000003,18344.687945000027,0.3029437878348072,False,0.28454148041156835,False
11200520,0.333826042701952,2,10,0,0.3100850924748022,11.5,성동구,왕십리2동,15630.0,19.200255918106205,4.088291746641075,46820.79287012021,5.991144321192605,29.955721605963024,1010.7674999999988,6100.920000000016,2978.4073375000003,0.1656746031746025,False,0.320695102685624,False
11200540,1.1255180713956132,11,29,1,0.2493598009276567,1.3,성동구,마장동,21369.0,21.418877813655296,4.225747578267584,18985.923498769767,9.773277106390914,25.765912371394226,2158.1524999999992,11419.41999999988,5902.0914825,0.188989677234047,False,0.3626435618029225,False
11200550,1.1522221243990804,9,40,1,0.4934595601191615,5.3,성동구,사근동,12151.0,13.760184346967328,2.156201135708995,10545.709670639351,7.810993912908745,34.71552850181664,2165.292499999993,11525.83999999999,5629.693729999982,0.1878641816995546,False,0.2284150152052332,False
11200560,0.5656801111207148,6,28,1,0.3211367777301743,2.4,성동구,행당1동,15695.0,17.508760751831794,2.631411277476904,27745.362955938755,10.606701353018956,49.4979396474218,8465.864999999974,29765.98500000003,25298.48053750002,0.2844140719683882,True,0.212553289854041,False
11200570,0.4787231600497657,1,29,1,0.0857863129840344,10.0,성동구,행당2동,22265.0,20.444644060184142,4.109589041095891,46509.13483627038,2.0888899544698125,60.57780867962457,994.2100000000008,7377.55249999986,3026.5112400000016,0.1347614944115978,False,0.2997866380683197,False
11200580,0.5620528203312212,3,31,1,0.0876593358392992,8.3,성동구,응봉동,14363.0,18.909698530947573,1.6639977720531922,25554.53772393811,5.337576632445473,55.15495853526989,1074.1224999999995,5109.757500000003,3074.596657500001,0.2102100735700273,False,0.15294942282814863,False
11200590,0.4069499452400026,1,31,0,0.5420853377793773,9.5,성동구,금호1가동,14227.0,21.916075068531665,5.21543543965699,34960.07350881812,2.457304667801934,76.17644470185995,1085.8225000000002,6339.100000000019,3191.2900275,0.171289694120616,False,0.5548442000792283,False
11200620,0.7777034901272272,4,28,1,0.7622327574842388,4.9,성동구,금호4가동,13743.0,21.23262751946445,3.900167357927672,17671.25925814186,5.143348397916571,36.003438785416,1014.3575000000004,5449.210000000003,3096.732405,0.1861476250685879,False,0.546296677656684,False
11200650,1.86165532461846,10,30,1,0.4458507366933417,1.5,성동구,성수1가1동,14776.0,19.064699512723337,3.4650785056848945,7937.022393244729,5.3715636121039045,16.114690836311713,3059.982499999998,11971.372500000029,8832.337312499996,0.2556083272824391,False,0.36188436532347334,False
11200660,0.975319961438322,11,13,1,0.3782905708631339,0.8,성동구,성수1가2동,14275.0,18.15061295971979,1.4711033274956218,14636.222536600604,11.278350115769292,13.328959227727344,4001.142500000008,14691.944999999863,12632.4703,0.2723357935249584,False,0.2098848191686354,False
11200670,1.1482533997068864,2,30,0,0.9902408449045332,1.3,성동구,성수2가1동,13300.0,24.76691729323308,6.135338345864661,11582.809163373762,1.7417758140411672,26.12663721061751,2348.414999999997,9982.79250000002,6670.566297500001,0.235246300070846,False,0.7731455641027624,False
11200690,1.044260433892818,18,19,1,0.2681628823517472,0.6,성동구,성수2가3동,9330.0,21.939978563772776,2.004287245444801,8934.552815737175,17.237079387274292,18.194694908789533,6019.500000000002,21730.159999999854,17499.4689075,0.2770113059452871,False,0.2819651937371261,False
11200720,0.586626017528318,6,13,0,0.8343082048415821,2.0,성동구,송정동,9005.0,22.820655191560245,7.917823431426985,15350.495427975637,10.22798140675778,22.160626381308525,1093.1400000000006,4024.382500000044,2945.3915199999983,0.2716292499532508,False,0.7553144148072192,True
11200790,2.368770274035177,14,10,3,0.6063711419800143,1.1,성동구,용답동,13161.0,19.10189195349897,7.6361978573056755,5556.047432822756,5.910239651965548,4.221599751403963,2503.719999999999,9592.697500000017,6805.565872500005,0.2610027054433849,False,0.5840008849665053,False
11200535,0.7207217215543592,10,27,1,0.3081464485003942,1.8,성동구,왕십리도선동,25497.0,18.07663646703534,4.027924853904381,35377.03837343958,13.874980732415413,37.46244797752161,2654.6249999999936,15139.830000000253,7240.547037499988,0.1753404760819605,False,0.2836579604457214,False
11200615,0.6645628506053963,6,44,1,0.2056478937197326,7.1,성동구,금호2·3가동,20564.0,20.90546586267263,3.797899241392725,30943.649620599208,9.028491427912629,66.20893713802593,1453.512499999998,8269.672500000108,4306.425199999997,0.1757642155720168,False,0.3138060508374963,False
11200645,1.92508041173905,4,39,1,0.3990406501467818,4.0,성동구,옥수동,25166.0,19.546213144719065,2.3364857347214496,13072.700676054315,2.077835281896895,20.258893998494727,2936.2349999999965,13679.712500000114,8775.274237500002,0.2146415723283637,False,0.29496237656219026,False
11215710,1.1758035300173793,12,21,1,0.3643609986206279,2.0,광진구,화양동,22998.0,11.17488477258892,3.330724410818332,19559.390164154443,10.205786675791517,17.860126682635155,3698.7600000000025,19402.42000000016,10311.745952499989,0.1906339518472423,False,0.2045868817602375,False
11215730,0.7331948897156615,13,22,0,0.5905026508571546,0.9,광진구,군자동,18475.0,19.561569688768607,5.136671177266576,25197.93885519953,17.730620033428625,30.005664671956136,1968.9300000000012,10371.432500000064,5399.961249999998,0.189841663627468,False,0.5050506843735714,False
11215740,0.5898521206877232,3,18,0,0.5970683797015485,1.9,광진구,중곡1동,14776.0,20.92582566323768,7.085814834867352,25050.346488154177,5.0860205376598895,30.516123225959337,1353.9174999999968,6483.850000000005,3808.942612499995,0.2088138220347472,False,0.6139602940188648,False
11215750,0.5435963521592139,3,17,0,0.555398796947098,2.0,광진구,중곡2동,19686.0,21.22320430762979,5.623285583663518,36214.37105272217,5.518800830954308,31.27320470874108,1589.6549999999988,7980.575000000019,4699.272289999999,0.1991905345166225,False,0.5556177567498289,False
11215760,0.6018079857222833,4,22,1,0.3119400868564521,1.7,광진구,중곡3동,15204.0,23.77663772691397,8.695080242041568,25263.872133156103,6.646638288123152,36.55651058467734,1509.414999999998,7639.16750000002,4073.925080000002,0.197588938847066,False,0.5755568032615413,False
11215770,2.2810100182879203,3,33,0,0.9707557747370704,15.0,광진구,중곡4동,26778.0,24.85995966838449,6.777952050190454,11739.536339300705,1.315206849574356,14.467275345317915,2486.3,12046.13500000004,7058.905307500001,0.2063981517723312,False,0.7960764223072366,False
11215780,1.0814593691197043,7,10,2,0.6381709978612244,3.0,광진구,능동,10614.0,17.957414735255323,4.013566986998304,9814.515739634006,6.472735083610141,9.246764405157345,1786.1050000000005,8397.392499999973,4898.710852500005,0.2126975724905089,False,0.4307387466204237,False
11215850,0.5512769893544659,4,13,0,0.4067246214511172,1.8,광진구,구의1동,23190.0,17.02457956015524,4.782233721431652,42065.967649320926,7.255880577718142,23.58161187758396,1971.3775,10117.73499999995,5558.222730000005,0.1948437570266477,False,0.3472036999427013,False
11215860,1.3782959031793134,7,20,1,0.3845083771195333,5.3,광진구,구의2동,24774.0,21.901994025994995,5.598611447485267,17974.369613124327,5.078735258410846,14.51067216688813,2970.7200000000016,12638.74500000014,8159.492102499999,0.2350486539604975,False,0.49236692718578284,False
11215870,1.4476378026870926,14,23,1,0.12026124057613,1.7,광진구,구의3동,27420.0,18.86943836615609,2.038657913931437,18941.20196992869,9.670927336943898,15.887952053550688,4847.137500000014,17608.527500000248,14718.028812500008,0.2752721657162955,False,0.16871386182939685,False
11215810,2.750882537296333,10,38,1,0.2296396683339975,8.5,광진구,광장동,32836.0,14.24046777926666,0.8649043732488731,11936.53293254477,3.635197019291256,13.813748673306774,4094.665000000004,14892.610000000075,11736.678652499992,0.2749460974268434,False,0.07237097118393569,False
11215820,0.5639083764750655,5,13,0,0.5138394839754422,1.2,광진구,자양1동,21442.0,20.0494356869695,6.487267978733327,38023.90759653506,8.866688647638995,23.053390483861385,1934.3349999999984,9659.155000000028,5400.9688625,0.2002592359269514,False,0.5424422813683253,False
11215830,1.6277748924076658,10,17,1,0.7091618588332741,2.4,광진구,자양2동,26275.0,19.16650808753568,3.7678401522359657,16141.666837689248,6.14335559950114,10.443704519151938,3145.1675000000114,13305.599999999857,9347.052074999992,0.2363792313011097,False,0.4754559610547408,False
11215840,1.1324317125251442,11,17,0,0.3791105019278135,2.0,광진구,자양3동,26564.0,19.978165938864628,1.6751995181448578,23457.4850794018,9.7136099937291,15.011942717581336,4011.7624999999953,17682.315000000144,11062.725644999991,0.2268799362526888,False,0.26426773098301715,False
11215847,1.152852282468485,5,13,1,0.3846178684123609,1.3,광진구,자양4동,19873.0,22.76455492376592,5.535148191012932,17238.114806389567,4.33706909032093,11.276379634834418,2741.9749999999917,12857.552500000074,7672.532282499998,0.2132579275876941,False,0.5104765484665131,False
11230710,0.8029232163865595,2,10,0,0.7618605345227462,5.8,동대문구,회기동,10311.0,15.856851905731745,3.520512074483561,12841.825705829224,2.490898206930312,12.45449103465156,1326.6400000000017,8571.379999999981,4193.2139174999975,0.1547755437280816,False,0.41073442173061975,False
11230720,0.5098111387790529,4,14,1,0.4816212906705407,1.2,동대문구,휘경1동,16799.0,15.822370379189238,2.101315554497292,32951.41812756767,7.846042771014385,27.46114969855035,1232.4349999999988,6636.622500000021,3654.1069575000006,0.1857021399062542,False,0.24027963658090898,False
11230730,1.1939581954427656,7,20,0,0.6005546173236328,2.9,동대문구,휘경2동,23520.0,20.046768707483,3.095238095238096,19699.18217385985,5.862851837458288,16.751005249880823,1954.0349999999964,10165.362500000008,5344.081974999997,0.19222482228253,False,0.43310565329164774,False
11230705,1.1750186682859445,12,25,0,0.8216118429495621,4.3,동대문구,청량리동,18173.0,33.54977163924504,10.41655202773345,15466.137254235988,10.212603700590538,21.27625770956362,1820.0150000000008,12411.535000000027,5337.183777500003,0.1466389934846895,False,0.9051131959162984,False
11230536,1.5713836923210116,21,40,2,0.349244816641829,1.5,동대문구,용신동,,,,,13.364018032401724,25.455272442669948,,,,,False,,False
11230545,1.1796561689843983,7,26,1,0.6682728622956196,1.4,동대문구,제기동,22176.0,26.70003607503608,7.390873015873016,18798.697945259748,5.93393243221583,22.04032046251594,2412.284999999999,15185.724999999891,6858.488919999998,0.1588521456828709,False,0.7800573397698551,False
11230560,1.1685174353035217,8,34,1,0.1933470805931553,1.5,동대문구,전농1동,32499.0,20.982184067202063,6.0740330471706825,27812.165243010186,6.846282099267099,29.09669892188517,5309.027499999996,25086.79249999981,14464.804085000002,0.2116263966387905,True,0.4070370670198537,False
11230570,0.9937608323725976,11,9,0,1.0567577624199067,6.0,동대문구,전농2동,17148.0,25.17494751574528,4.636109167249825,17255.660961258916,11.069061731621652,9.056505053144988,1358.4450000000002,7713.167500000027,3687.286242499998,0.1761202515049745,False,0.7343480886138464,False
11230610,0.8237500109343332,7,15,0,0.7695811978234731,4.8,동대문구,답십리2동,27164.0,24.64290973347077,5.15756147842733,32976.02384149216,8.49772371117822,18.209407952524757,2026.5949999999996,10521.420000000062,5511.601099999999,0.19261611075311,False,0.6898252627744026,False
11230650,1.363244665648036,7,28,1,0.622672542425444,0.9,동대문구,장안1동,37060.0,22.048030221262817,4.481921208850513,27185.142134690144,5.134808282321398,20.53923312928559,4046.7774999999992,17694.530000000144,11327.357747500002,0.2287021751919924,True,0.5600803834055315,False
11230660,1.1313434337103343,6,37,0,1.2528985145288711,0.9,동대문구,장안2동,32945.0,19.796630748216725,4.962816815905296,29120.246795399824,5.303429375395323,32.704481148271164,3961.669999999984,16891.134999999973,10823.87617499996,0.2345413733298555,True,0.6263079017504126,False
11230740,1.0039249680515454,4,27,1,0.1551904521706348,3.1,동대문구,이문1동,30528.0,14.10180817610063,2.070230607966457,30408.64703190904,3.9843615083738255,26.89444018152332,2435.3200000000024,11888.607499999993,7847.377939999996,0.2048448483138167,False,0.08988577546268352,False
11230750,0.804325325693976,7,11,1,0.1539600129566637,2.3,동대문구,이문2동,17908.0,24.458342640160826,5.494750949296404,22264.622818570195,8.702946154232261,13.676058242364984,1126.0224999999996,5493.202499999985,3158.897709999997,0.2049847060981281,False,0.4629880275456871,False
11230600,0.797357946071988,7,27,0,0.4619765861159241,2.8,동대문구,답십리1동,27536.0,17.773097036606625,3.261185357350377,34534.051031472336,8.778993216890846,33.86183097943612,2221.272500000002,12400.612500000005,5981.992457499988,0.179126031073062,False,0.3271242602068741,False
11260520,0.744002438756897,4,24,0,0.6337979876634791,0.5,중랑구,면목2동,22849.0,25.4190555385356,8.556173136679941,30710.92083807795,5.376326462966072,32.25795877779644,1490.3225000000002,7127.052499999987,3839.624094999999,0.2091078324454608,False,0.7628562767369796,False
11260540,0.8480022728178581,5,15,1,0.0587313416377394,12.2,중랑구,면목4동,17451.0,26.08446507363475,11.1913357400722,20578.954278048604,5.896210612013238,17.688631836039715,1586.0725000000004,6876.617500000008,4610.30413,0.2306471895521306,False,0.6004188704694451,False
11260550,0.5900046420840855,6,13,0,0.8100671793258758,0.7,중랑구,면목5동,13753.0,20.897258779902568,6.187740856540391,23309.986089973798,10.169411513112976,22.033724945078117,1171.0525000000011,4976.149999999987,3126.109719999999,0.2353330385940946,False,0.6496703810116403,False
11260570,1.1790692888161518,5,17,0,0.8564020391376643,13.2,중랑구,면목7동,20402.0,26.203313400646994,6.180766591510636,17303.478424482324,4.240632885129479,14.418151809440229,1032.969999999999,5893.735000000003,3064.3356324999995,0.175265769499307,False,0.7890707267818985,False
11260580,0.861005177563976,8,15,1,0.4352552642732002,6.0,중랑구,상봉1동,22746.0,22.192913039655323,7.812362613206718,26417.95960432524,9.291465613057326,17.421498024482485,1457.3849999999984,7090.160000000019,3316.376485000003,0.2055503683978915,False,0.5939918170055066,False
11260590,0.654804257446725,12,15,1,0.1123617917242747,0.7,중랑구,상봉2동,21862.0,17.157625102918306,6.518159363278748,33387.07675061,18.32608732079956,22.907609150999452,3813.724999999994,17151.734999999997,9765.176482499994,0.2223521410516192,False,0.3244340125282937,False
11260600,0.6686125728901652,3,14,0,0.3458547549351444,3.5,중랑구,중화1동,17843.0,25.44975620691588,6.949504007173681,26686.60555225772,4.486903360240607,20.9388823477895,1083.920000000001,5966.104999999996,2622.623599999999,0.1816796720808637,False,0.6061151322276408,False
11260610,0.956798451402589,9,28,2,0.451679073405864,0.8,중랑구,중화2동,25530.0,25.27614571092832,10.924402663533098,26682.735494162946,9.406369739422894,29.26426141153789,1672.9124999999997,8947.159999999996,4186.474582499997,0.186976928991993,False,0.7106253684401608,False
11260620,1.206577351848715,9,33,0,0.3758739478837588,5.7,중랑구,묵1동,32844.0,22.311533308975765,3.945926196565583,27220.79935420344,7.459115643278253,27.350090692020263,2792.2974999999988,13183.92750000004,7253.537092499995,0.211795574573661,False,0.4221203437671958,False
11260630,0.6675278145822183,4,20,1,0.2899270313941565,1.0,중랑구,묵2동,17541.0,25.26081751325466,7.103357847329114,26277.556705226256,5.992259667117327,29.961298335586637,1395.9574999999998,6462.61749999999,4098.673634999997,0.2160049701224003,False,0.5834383652442555,False
11260660,0.9899959141815402,1,10,0,1.3321086552107897,11.5,중랑구,망우3동,15146.0,28.07341872441569,13.284035388881552,15299.053039548817,1.0101051788953397,10.101051788953397,868.8174999999998,3942.952500000021,2082.62748,0.22034693545002,False,0.9410220900243015,False
11260680,2.48804175026692,19,52,1,0.4653666640422118,5.7,중랑구,신내1동,36588.0,24.32764840931453,7.048759156007434,14705.541012756235,7.636527802622949,20.89997082823123,4682.842499999993,16614.02750000005,11628.777672500004,0.281860764946969,False,0.6411100238394953,False
11260690,0.934183853265568,2,20,0,0.9404470020877,6.4,중랑구,신내2동,18908.0,26.803469430928708,7.711021789718638,20240.1271804308,2.1409061963645866,21.409061963645865,1042.6225000000018,4980.694999999996,2445.325509999998,0.2093327336847573,False,0.8544793197203981,False
11260565,0.826892480344971,4,26,1,0.1579656196289021,1.6,중랑구,면목본동,31534.0,24.02486205365637,8.9490708441682,38135.55056982057,4.837388288174107,31.44302387313169,2209.2000000000025,9927.487500000048,5517.1487075,0.2225336471085953,False,0.5411983889864382,False
11260575,1.3991333769392962,5,29,1,1.262516729145771,11.1,중랑구,면목3·8동,23424.0,26.767418032786885,8.802937158469945,16741.792016456406,3.573640713895237,20.727116140592376,2871.247499999996,11768.362500000052,7024.138247499998,0.2439802054024069,False,0.9007879905037582,True
11260655,2.944785994198399,16,57,2,0.4922593986183909,6.6,중랑구,망우본동,37965.0,22.60766495456341,8.052153299091268,12892.278106047725,5.4333320083435686,19.356245279723964,3712.540000000002,14580.600000000057,9059.798255000003,0.2546218948465761,False,0.6379473100916007,False
11290580,0.4604941037792904,4,12,0,0.4558046917493364,13.3,성북구,돈암1동,13651.0,25.03113325031133,4.702952164676581,29644.24492727657,8.686321859871532,26.0589655796146,1301.0799999999986,6784.575000000024,3381.981507499996,0.1917703024876272,False,0.570025210288693,False
11290590,0.5231195167841409,1,36,0,0.7930581655141593,13.3,성북구,돈암2동,22781.0,18.708572933585003,1.7514595496246872,43548.36565847401,1.9116090451900272,68.81792562684097,709.2349999999997,4112.322500000018,1966.599445,0.1724658024753643,False,0.401015544302005,False
11290600,1.2729284228012612,10,29,2,0.1949271354886822,5.5,성북구,안암동,15621.0,15.248703668139044,3.156007938032136,12271.70335754131,7.855901259548882,22.78211365269176,2459.1275,14712.434999999958,6381.990754999998,0.1671461929993238,False,0.1640350169842136,False
11290610,0.5891764315436195,3,10,1,0.2310344587045618,3.8,성북구,보문동,15700.0,19.0,3.828025477707006,26647.365983168413,5.091853372579951,16.972844575266503,1203.3999999999994,7967.962499999953,3107.9208624999987,0.1510298272613615,False,0.27358181408560117,False
11290620,0.3892933393503159,3,15,1,0.4287168918031134,5.8,성북구,정릉1동,17474.0,21.111365457250773,2.6553736980656977,44886.46024399497,7.706271073136369,38.53135536568185,889.7649999999999,5124.072500000031,2419.6180749999994,0.1736441082752038,False,0.3626511627099606,False
11290630,1.124834381433455,2,47,0,0.516544923138353,6.7,성북구,정릉2동,21445.0,24.677080904639777,4.210771741664724,19065.028909119173,1.7780395345413078,41.783929061720734,1823.909999999996,10110.399999999994,4754.769579999995,0.1803993907263804,False,0.5634818813575735,False
11290640,3.354738066416933,3,33,0,0.6731426202712765,11.6,성북구,정릉3동,13856.0,24.55975750577367,5.1890877598152425,4130.277752146253,0.894257596451989,9.83683356097188,1836.897499999999,6944.792500000014,5252.415695000004,0.2644999832608382,False,0.6616748169956702,False
11290650,3.7096086006043256,2,29,1,1.3905464111160073,16.1,성북구,정릉4동,23406.0,24.779970947620267,4.084422797573271,6309.560527810662,0.5391404364531028,7.81753632856999,1536.9174999999989,8912.332500000024,4362.0829650000005,0.1724484022560866,False,0.7183724548599489,False
11290660,0.817615070805962,10,27,1,0.7308890996531324,5.8,성북구,길음1동,35307.0,15.27175914124678,2.1185600589118305,43182.91242503176,12.230694316999962,33.0228746558999,2784.552500000003,14871.132499999952,7257.001072500007,0.1872454905502329,False,0.3302548081786181,False
11290685,0.6155071987816936,4,22,0,0.5378058813433927,2.5,성북구,길음2동,21358.0,16.752504916190656,3.244685832006742,34699.83786099502,6.498705470736028,35.74288008904816,2207.465000000001,11083.735000000002,5600.776459999999,0.1991625566652397,False,0.33321382287803586,False
11290715,0.764029804551065,6,19,0,0.7930779295447166,3.7,성북구,월곡1동,24433.0,23.279990177219336,4.51847910612696,31979.118948581523,7.853096782690998,24.868139811854824,2943.3899999999976,12399.735000000072,7720.86838250001,0.2373752342287944,False,0.6448094563068566,False
11290725,1.3327506623617769,8,26,2,0.3546780946989953,5.9,성북구,월곡2동,18413.0,23.228154021615165,4.838972465106175,13815.787543763206,6.002623165703886,19.50852528853763,2641.337499999995,12136.662500000046,7281.263945000002,0.2176329365671975,False,0.4774345376483972,False
11290760,0.7236412040662488,1,37,0,1.120156195928952,4.8,성북구,장위1동,22526.0,22.0811506703365,9.535647695995738,31128.68625145033,1.3819003041574327,51.13031125382501,2156.197500000003,9637.685000000072,5919.172982500002,0.2237256664852593,False,0.7960811564361876,False
11290770,0.6652008831955345,1,29,0,0.3615778850527552,2.2,성북구,장위2동,15678.0,24.53756856741932,7.564740400561296,23568.820180582177,1.5033052800473388,43.59585312137282,1454.7300000000002,6472.797500000036,3997.289950000004,0.2247451739375427,False,0.6013558334910061,False
11290780,0.6823088759501285,8,31,0,0.920795365281024,0.9,성북구,장위3동,18710.0,16.825227151256012,3.5061464457509355,27421.598427758923,11.724895105401998,45.43396853343274,1309.7074999999995,4990.255000000007,3765.4899799999966,0.2624530209378073,False,0.45539635205907514,True
11290525,2.413354020002407,12,47,1,1.2217906069904183,9.9,성북구,성북동,15513.0,21.826854895893767,3.126410107651647,6427.983574487977,4.972333068642798,19.474971185517624,2972.3199999999924,12354.162499999988,8267.783042499996,0.2405925937917682,False,0.5977597365383597,False
11290555,0.9108924905871384,5,38,0,0.4931081282303343,3.9,성북구,삼선동,21574.0,21.002132196162048,4.426624640771299,23684.46355957325,5.48912198933282,41.71732711892943,2546.9874999999943,15804.307500000165,6654.325455000003,0.1611578046048501,False,0.47374746651774147,False
11290575,0.7309302247664231,5,17,1,0.2057823774484672,6.2,성북구,동선동,14889.0,15.917791658271208,3.196991067230841,20369.93340199873,6.840598227550114,23.258033973670383,2281.1825000000017,14421.59999999986,5874.323402500007,0.1581781841127214,False,0.17741292897980732,False
11290705,1.5182687282978289,7,61,0,0.7857980419842352,5.7,성북구,종암동,36707.0,22.194676764649795,4.176315144250416,24176.87943896018,4.610514508750954,40.177340719115456,3471.034999999996,17352.739999999863,9919.194112500008,0.2000280647321416,False,0.5975203474177352,False
11290810,1.7293330013896893,9,27,1,0.4331904851906472,2.7,성북구,석관동,32720.0,26.112469437652813,6.289731051344743,18920.589599404084,5.20431865509281,15.612955965278427,2478.127499999998,11867.960000000088,7006.263374999998,0.2088082113522441,False,0.6427706510726563,False
11305595,0.5952853907992443,7,22,0,0.3998201881063457,0.8,강북구,번1동,15932.0,24.366055736881748,8.115741903088125,26763.633454214825,11.759065665296497,36.95706351950327,2412.1925,13524.022500000072,6388.172497500001,0.178363537919283,False,0.6295917039965885,False
11305603,1.0115924386455464,5,41,0,0.8276443348326551,6.3,강북구,번2동,14155.0,33.24620275521017,15.344401271635464,13992.789446857258,4.942702029974305,40.530156645789305,1234.237500000001,6400.037499999973,3113.559169999998,0.1928484794034419,False,0.919325655943812,False
11305608,1.0901989730514714,9,39,0,1.5418639877727798,6.3,강북구,번3동,15343.0,34.37398162028286,20.58919376914554,14073.577740634702,8.255373764303743,35.773286311982886,1579.7999999999988,7122.882500000027,4195.684167499993,0.2217922308840547,False,0.9851015383867635,False
11305615,1.7269856911436348,1,38,1,1.0302478482653823,10.1,강북구,수유1동,19241.0,27.857179980250507,9.20430331063874,11141.37777670777,0.5790435931972231,22.00365654149448,1426.9924999999998,8613.50499999998,3712.2804050000063,0.1656692020263531,False,0.8969885890133806,False
11305625,0.6057258131715423,5,15,1,0.4581872762026677,1.1,강북구,수유2동,19775.0,30.10872313527181,7.362831858407079,32646.78435356641,8.254559887121722,24.76367966136517,1533.825,7616.93249999998,4130.0599175000025,0.2013704335702074,False,0.7333401925601691,False
11305635,0.7302397329624291,6,22,1,0.3648729401270521,1.0,강북구,수유3동,22303.0,25.33739855624804,8.599739945298838,30542.024753325077,8.216479779399652,30.12709252446539,2890.1375000000016,16390.052499999965,7428.279657500008,0.1763348531067858,False,0.6439223068421472,False
11305534,0.950942874067364,2,30,2,0.5089374218897614,9.0,강북구,삼양동,24226.0,25.52216626764633,8.433088417402791,25475.76795689186,2.1031757580196366,31.54763637029455,1453.1149999999998,8786.56749999991,3901.150542499999,0.1653791426515547,False,0.7174820967078394,False
11305535,0.8532463395771496,4,27,1,0.2506243777708475,4.5,강북구,미아동,20128.0,27.15123211446741,8.048489666136724,23589.904891915507,4.68797791969704,31.64385095795502,1739.2999999999972,11160.317500000074,4582.234660000004,0.155846820666167,False,0.6166854953495337,False
11305545,1.0609896187757393,4,59,1,0.5840761751168063,6.4,강북구,송중동,27189.0,25.911214093935047,6.480561991982052,25626.0754288746,3.77006516295187,55.60846115354008,2944.6124999999965,18450.56500000001,7915.882132500011,0.1595947061783742,False,0.7116653776685561,False
11305555,0.9386459954510488,11,22,1,0.5552223100626741,2.4,강북구,송천동,22649.0,29.64810808424213,8.980528941675129,24129.437625860694,11.719008074725933,23.438016149451865,1877.6799999999985,11386.575000000072,5043.488535000002,0.1649029668710728,False,0.7922241300761895,False
11305575,0.5861775816757331,4,19,0,0.554840162234592,8.5,강북구,삼각산동,29803.0,18.56524510955273,5.331678018991377,50842.95430541847,6.823870658043616,32.41338562570717,1278.5775000000012,9047.579999999944,3652.98902,0.1413170704210417,False,0.4783839672095292,False
11305645,10.693781857827728,8,35,2,0.9757073503413785,15.4,강북구,우이동,19364.0,29.942160710596983,7.921916959305928,1810.7719287190969,0.7480982973431509,3.272930050876285,3063.1374999999944,12784.992500000084,8474.069839999996,0.2395885253745729,False,0.892271187317963,False
11305660,2.858325432870078,7,49,0,1.4321024425520366,12.5,강북구,인수동,27933.0,29.993198009522786,9.51562667812265,9772.505145417312,2.448986360860673,17.14290452602471,1922.502500000001,11357.90499999999,5343.561759999999,0.1692655907933727,False,0.9433154598924859,False
11320660,1.1605121043177211,4,44,1,0.5450911020855778,3.8,도봉구,쌍문1동,20495.0,27.772627470114664,6.933398389851183,17660.306965991753,3.446754226102318,37.9142964871255,1623.082499999997,8043.807500000012,4191.734834999997,0.2017803757735369,False,0.7354376746926459,False
11320670,0.5317908447777905,4,14,0,0.7628123886419496,1.8,도봉구,쌍문2동,17257.0,27.99443704004172,7.857680941067393,32450.72789323942,7.521754161960809,26.32613956686283,2017.6350000000004,8905.732500000031,4880.473094999997,0.226554637701053,False,0.8303189293251884,False
11320680,0.4992382662743753,6,13,1,0.3427768919802633,1.6,도봉구,쌍문3동,15893.0,26.5399861574278,6.625558421946769,31834.49882278335,12.01830950334739,26.039670590586013,1102.447499999999,5968.657500000033,2955.9135999999994,0.1847061085344556,False,0.6131960215011513,False
11320681,0.5767829261335533,4,16,0,0.8579640227264463,3.0,도봉구,쌍문4동,17534.0,24.101745180791603,2.532223109387476,30399.65159429845,6.935018043640573,27.740072174562293,956.8450000000008,5428.494999999992,2581.517239999999,0.1762634026558009,False,0.5774980591386337,False
11320690,1.060376928812541,14,32,1,0.272917886843832,1.3,도봉구,방학1동,27706.0,26.727062730094563,7.594022955316538,26128.444751270148,13.20285232504808,30.177948171538468,2798.930000000001,12331.34750000008,6695.132194999994,0.2269768166049965,False,0.6134444054667828,False
11320700,1.1084239467627717,4,23,0,0.9683474927113744,4.8,도봉구,방학2동,17426.0,30.988178583725468,16.136807069895557,15721.42143887619,3.6087275195400417,20.75018323735524,1284.2424999999998,5826.592499999993,3141.381542500002,0.2204105572854119,False,0.9372966461484258,False
11320710,1.859980371976235,6,27,0,0.9418483422180944,5.6,도봉구,방학3동,25241.0,26.54411473396458,1.9888277009627195,13570.573313728768,3.2258404929429343,14.516282218243203,1756.640000000001,8635.507499999972,4535.800319999998,0.2034205864565582,False,0.625402210280645,False
11320511,1.0925190431977452,10,19,0,0.4843023470291092,2.4,도봉구,창1동,22638.0,24.49421326972348,3.24233589539712,20720.920281389124,9.153158530519097,17.391001207986278,2137.0799999999954,9058.77500000006,6010.5104225000005,0.2359126923894214,False,0.4980806000182316,False
11320512,0.6823330337792649,5,27,0,0.7810661493161211,1.9,도봉구,창2동,27471.0,24.727894870954824,5.616832295875651,40260.39872032179,7.327799992778163,39.570119961002085,2760.8100000000013,12336.895000000051,7352.352007499999,0.2237848340283344,False,0.710351236073179,False
11320513,0.6373750865160192,4,16,0,1.18485484617206,5.2,도봉구,창3동,12554.0,28.21411502310021,10.72964792098136,19696.40838744092,6.275739489386942,25.10295795754777,1230.1825000000033,5654.909999999965,3240.347265000001,0.2175423658378313,False,0.9245122624197112,False
11320514,1.1141883979598295,15,37,0,0.4123045004777154,1.6,도봉구,창4동,25856.0,21.379950495049503,1.7326732673267329,23206.129275214556,13.462714229897056,33.20802843374607,3995.405000000004,18698.55500000026,10178.82521999999,0.2136745326042546,False,0.3263605926056377,False
11320515,0.6899928323765033,11,18,1,0.5709529885811734,1.7,도봉구,창5동,23234.0,24.119824395282777,3.568046827924593,33672.81355659369,15.942194590794982,26.08722751220997,2405.042500000004,10335.657499999972,5967.9641175000015,0.2326937110677293,False,0.5419919605022153,False
11320521,8.508544375255994,11,36,0,1.7230646388191435,14.0,도봉구,도봉1동,19352.0,35.54671351798264,10.27800744109136,2274.419588887408,1.2928180796693614,4.231040988008819,2667.679999999996,8982.830000000033,7494.652332499999,0.2969754520568669,False,0.9700472713296048,True
11320522,1.1950799329302149,9,43,2,0.3340565094983324,1.5,도봉구,도봉2동,25568.0,31.058354192740925,5.1744367959949935,21394.384840275798,7.530877016680309,35.98085685747259,1894.6675000000027,8442.299999999967,5607.875192499995,0.2244255120050235,False,0.5894727227117048,False
11350560,1.1778276968358092,8,48,2,0.4248620431125908,5.0,노원구,월계1동,20226.0,23.62305942845842,4.761198457431029,17172.29103572314,6.792164950350298,40.752989702101786,2360.712499999998,9814.065000000091,6788.769137499998,0.240543801166996,False,0.5197176207803854,False
11350570,1.9905607871601767,11,38,1,0.6626559567038729,6.3,노원구,월계2동,24513.0,28.45836902867866,12.156814751356425,12314.620160367642,5.526080927020114,19.09009774788767,2289.812499999998,10443.080000000102,6286.593972500002,0.2192660115598057,False,0.8447908722206522,False
11350580,1.1668382841218945,7,22,1,0.3375713535453951,2.5,노원구,월계3동,27597.0,26.122404609196654,7.718230242417654,23651.092336902675,5.999117525757101,18.85436936666517,5631.7525000000005,17028.70000000007,17002.44629749997,0.3307212235813642,True,0.6266928653362817,False
11350600,7.259745195689597,20,46,1,1.5436928393171503,4.3,노원구,공릉2동,40662.0,17.448723624022428,2.5502926565343564,5601.023025455861,2.754917626017344,6.336310539839889,3765.2475000000086,16826.587500000056,10666.029664999993,0.2237677425681229,False,0.4722934314118608,False
11350611,1.4401337346968326,10,38,1,0.6049873029655394,2.8,노원구,하계1동,25321.0,21.954109237391886,11.12910232613246,17582.394877605177,6.943799564632193,26.386438345602333,2707.1550000000016,14752.894999999942,6843.450697500001,0.1834999164570758,False,0.6983592666287199,False
11350612,0.505403349792296,4,17,0,0.3402956013623478,1.4,노원구,하계2동,19450.0,18.529562982005142,6.313624678663239,38484.113743989445,7.914470692851299,33.63650044461802,2594.4350000000004,8956.332500000031,7034.4302025000015,0.2896760476456174,False,0.4114584804529657,False
11350619,2.0606402486283515,5,17,0,1.748838246281163,11.6,노원구,중계본동,21967.0,13.57946009923977,2.7859971775845587,10660.279015040183,2.426430330732504,8.249863124490513,2450.192500000001,11297.657500000012,6628.768712500003,0.216876153308772,False,0.4384087982418918,False
11350621,0.6082268359441874,12,18,0,0.8734190383845993,1.6,노원구,중계1동,25735.0,12.387798717699631,3.1280357489799884,42311.51682094066,19.72948132315088,29.59422198472632,2193.585000000002,11245.152499999938,5574.716987499994,0.1950693865645676,False,0.38527311900037925,False
11350624,1.45739416967983,4,8,0,0.8415072371751255,12.9,노원구,중계4동,18526.0,24.93252725898737,10.347619561697076,12711.729184473075,2.7446246754772914,5.489249350954583,1418.4050000000009,6725.997500000006,3547.2741600000004,0.2108839618212762,False,0.8294390125574874,False
11350630,5.00452906266897,11,29,1,0.9405095595961012,13.2,노원구,상계1동,35842.0,25.871882149433624,6.01249930249428,7161.912649755913,2.19800901588402,5.794751041876053,2326.054999999996,12409.29249999998,6312.966149999984,0.1874446105609969,False,0.785794472841328,False
11350640,0.5907805539878412,8,23,0,0.5926604080770556,1.7,노원구,상계2동,18534.0,23.589079529513327,6.355886478903637,31372.05494475609,13.541407119782496,38.93154546937468,3725.295000000001,20818.63000000011,9115.206242500004,0.1789404490112933,False,0.6572603732524028,False
11350670,0.4920324293525637,3,19,1,0.4450458983624169,1.8,노원구,상계5동,21990.0,27.93087767166894,10.327421555252387,44692.17614159159,6.097159091622318,38.615340913608016,1286.877500000001,7113.49750000004,3321.4296750000026,0.1809064387806411,False,0.7390088385661501,False
11350700,0.6617261162025665,9,13,0,0.391937532519328,0.9,노원구,상계8동,21217.0,16.703586746476883,2.1822123768676063,32063.114150243226,13.600793107045718,19.64559004351048,1245.7349999999992,7118.997500000028,3102.972525000001,0.1749874192258101,False,0.2177546247311212,False
11350710,0.8374930044180287,6,24,1,0.404431778523205,4.7,노원구,상계9동,18840.0,22.86624203821656,2.977707006369427,22495.71029323625,7.164238946890526,28.656955787562104,752.92,5328.402500000042,1796.6705749999996,0.1413031391678826,False,0.4132088457304653,False
11350720,0.8278872381328788,6,22,0,0.5746756464834705,1.4,노원구,상계10동,17820.0,19.118967452300787,2.5813692480359145,21524.670485547245,7.247363799847557,26.57366726610771,947.8625,5853.98750000001,2287.2960900000003,0.1619174109954963,False,0.3740145187318699,False
11350665,5.782366159933235,8,25,1,0.7053820163232144,14.7,노원구,상계3·4동,26412.0,27.65031046494018,9.76450098440103,4567.6803006720975,1.3835166744425555,4.323489607632986,1858.2749999999992,9188.80000000001,5030.320170000001,0.2022326092634508,False,0.8328425882661247,False
11350695,1.424961138117497,16,29,1,0.4934565733827916,1.6,노원구,상계6·7동,30043.0,20.11117398395633,3.43507639050694,21083.38199292195,11.228376390065945,20.351432206994524,4869.422500000011,24061.52750000005,12181.537814999998,0.2023737894445812,False,0.40744162463943695,False
11350625,0.9460215163422218,8,31,1,0.2081406565620894,1.6,노원구,중계2·3동,31117.0,27.679403541472507,15.0914291223447,32892.4865475718,8.456467280926,32.76881071358825,1961.767500000003,12465.49999999992,4920.0940299999975,0.1573757570895684,False,0.6475727147741486,False
11350595,1.2076055528968013,13,45,2,0.2702090101752096,1.1,노원구,공릉1동,35241.0,22.927839732130188,7.46573593257853,29182.542193072877,10.765104523422927,37.26382335031013,3371.132499999995,16871.125000000015,9310.145149999998,0.199816698649319,False,0.5275499478220087,False
11380510,1.9131681057717052,10,27,2,0.4911387104839559,7.7,은평구,녹번동,35083.0,24.467690904426647,5.578200267936038,18337.64628113991,5.226932212507457,14.112716973770134,2158.0975000000017,13846.092499999932,5399.353719999996,0.1558632877831786,False,0.6015283135891226,False
11380520,3.3437752968989405,12,36,1,0.281781258169038,15.8,은평구,불광1동,33687.0,24.88793896755425,5.987472912399442,10074.540604221149,3.5887578962405016,10.766273688721505,1419.465000000001,9394.544999999967,3588.8390650000038,0.1510945979821275,False,0.5266221374497532,False
11380551,0.952704831984122,4,34,0,0.9143529233404888,9.1,은평구,갈현1동,13930.0,25.59942569992821,8.018664752333095,14621.527604713732,4.198572176515071,35.6878635003781,1104.8275,7642.580000000011,2526.6257075000003,0.1445621112242198,False,0.8348214541676615,False
11380552,1.0524664404253126,1,32,1,0.7320215693805333,7.3,은평구,갈현2동,26568.0,23.588527551942185,6.967028003613369,25243.56025001956,0.9501490609010674,30.40476994883416,1310.7899999999995,8077.557500000008,3093.925152500001,0.1622755393570393,False,0.7192259131069568,False
11380560,1.351332218639986,3,33,0,0.7424676136341266,8.8,은평구,구산동,30565.0,24.88794372648454,6.118108948143301,22618.42023626238,2.220031431663247,24.42034574829572,2080.8224999999966,11254.985000000002,5144.706360000002,0.1848800775833993,False,0.7254276483335419,False
11380570,0.8702537896632124,4,28,2,0.5077939356368041,2.0,은평구,대조동,26878.0,22.60956916437235,6.778778182900513,30885.243269554467,4.596360334780038,32.17452234346027,6062.707500000017,22871.929999999997,15815.78702499998,0.2650719681286196,True,0.6173415667199992,False
11380580,1.1589372728569567,13,23,0,0.9388913503125892,6.1,은평구,응암1동,31935.0,19.91232190386723,4.4496633787380615,27555.417146326967,11.217173098551765,19.845767789745427,2316.965000000001,13841.857500000047,5387.897302500003,0.167388300305793,False,0.5792037394989787,False
11380590,0.746025825557924,5,33,0,0.809075578885081,11.5,은평구,응암2동,26751.0,17.752607379163397,4.272737467758215,35858.00797176687,6.7021808477752,44.23439359531632,1196.047500000001,7826.369999999948,3208.32779,0.1528227645766822,False,0.4871584648145597,False
11380631,0.8293309055303976,3,27,1,0.383591874676729,6.1,은평구,신사1동,25594.0,24.77924513557865,4.860514183011643,30861.022818908925,3.6173739336065776,32.55636540245921,1057.6974999999975,7645.824999999983,2777.12423,0.1383366085412627,False,0.5293497058448976,False
11380632,1.0397799831972327,2,32,1,0.6984399015060175,10.6,은평구,신사2동,19371.0,24.28372309121883,5.7611894068452845,18629.902780428474,1.9234838449670617,30.775741519472987,921.2250000000018,6471.302500000029,2408.935802500002,0.1423554222662281,False,0.6758670517722765,False
11380640,0.9186606967613996,4,15,1,0.4551148439135946,7.6,은평구,증산동,15140.0,22.793923381770146,4.319682959048877,16480.513483785468,4.354164724910295,16.328117718413605,760.0875000000007,4222.19500000001,2057.6996074999984,0.1800218843516225,False,0.5006381342818844,False
11380650,1.1386348497175531,4,19,0,0.5904362981312787,8.6,은평구,수색동,21088.0,17.872723823975722,3.841047040971168,18520.423826155537,3.51297872271539,16.686648932898102,2061.037500000001,7216.71749999991,6205.216770000012,0.285592099178058,False,0.40248078351306976,False
11380690,12.903842208283614,34,71,1,1.8774651628654264,13.8,은평구,진관동,53565.0,19.63408942406422,3.459348455147951,4151.089197728564,2.6348741290538813,5.502237151847811,6808.767500000009,22520.31499999988,15962.936602499984,0.3023389104459704,False,0.5787217525703295,True
11380530,1.3372087566456514,8,25,0,0.6950523768662535,6.7,은평구,불광2동,26127.0,28.10502545259693,9.928426531940138,19538.46014704451,5.982611136998357,18.695659803119867,1246.4875000000002,8143.589999999966,2785.116662500001,0.1530636365534126,False,0.8352603342221397,False
11380600,0.732363469193559,3,25,0,0.3212010821442614,2.4,은평구,응암3동,22707.0,28.880961817941603,9.318712291363896,31005.09645163457,4.0963266549920165,34.1360554582668,2196.122500000001,13008.350000000057,5322.833750000002,0.1688240630056841,False,0.6740597717444986,False
11380625,1.085896376347928,8,44,0,0.6437596696939774,1.9,은평구,역촌동,44223.0,24.00560794156887,6.259186396219162,40724.88035067415,7.367185464699211,40.51952005584566,2511.164999999994,15781.799999999674,5932.216930000007,0.1591177812416863,False,0.6791713159758074,False
11410520,0.8924999603138779,4,39,1,0.2984767530555183,11.1,서대문구,천연동,16246.0,22.52246706881694,4.690385325618614,18202.8019298584,4.481792916375329,43.69748093465945,1021.1674999999988,7022.120000000004,2718.7054050000006,0.1454215393641804,False,0.43270217400143673,False
11410620,1.5590913710907246,3,24,2,0.3689407219735204,14.2,서대문구,홍제1동,24256.0,23.23961081794195,3.508410290237467,15557.779646378742,1.924197680538268,15.39358144430614,1952.0999999999997,12653.112500000205,5567.788107499998,0.1542782457675902,False,0.42603052387502766,False
11410640,1.0303335629723065,2,35,0,0.7551366310790368,12.5,서대문구,홍제3동,17157.0,25.72710846884653,5.012531328320802,16651.888880049177,1.9411189462084488,33.96958155864785,1360.1425000000008,8598.809999999987,3813.507750000002,0.1581779920709962,False,0.7056077440670975,False
11410655,0.711585707971662,2,8,0,0.3414399474885544,17.3,서대문구,홍제2동,11803.0,25.205456239939,5.295263915953571,16586.89862341929,2.810624184261508,11.24249673704603,545.892500000001,4376.702499999969,1692.9520499999996,0.1247268919923172,False,0.5342835361355274,False
11410660,1.54875923304171,3,37,0,1.0085033196777484,12.9,서대문구,홍은1동,23322.0,24.36326215590429,3.541720264128291,15058.5058687246,1.937034457000849,23.890091636343804,1344.3150000000007,7632.285000000018,4094.696019999998,0.1761353251352639,False,0.657821919848146,False
11410685,2.045445417350413,10,69,0,1.2029391658988,12.4,서대문구,홍은2동,27047.0,22.878692646134507,5.076348578400562,13223.036787281077,4.888910706282055,33.73348387334618,2089.002500000004,12103.93749999994,5435.582347500008,0.1725886720746876,False,0.7082844468767346,False
11410690,0.4464738384898571,5,14,0,0.3091298896591746,1.3,서대문구,남가좌1동,17264.0,15.42516218721038,2.166357738646896,38667.439190599296,11.198864455108692,31.35682047430434,1341.6775000000025,6476.955000000006,3441.0131925000005,0.2071463365115245,False,0.15737654351671823,False
11410700,0.8113117657998873,11,31,0,1.1444213259241638,3.1,서대문구,남가좌2동,28277.0,19.69445132086148,5.152597517416982,34853.43266545775,13.55828975209659,38.20972566499948,1969.2799999999984,11949.027500000037,5138.832932499992,0.164806717534125,False,0.6248004761902507,False
11410710,0.5802444429695504,7,11,0,0.8869678700195093,5.0,서대문구,북가좌1동,17095.0,20.631763673588768,3.533196841181632,29461.72118859413,12.063881153562969,18.95752752702752,1133.2025,5908.752500000031,3038.6728774999992,0.1917837140750088,False,0.5468476776651529,False
11410720,0.7942419659742302,4,32,0,0.5025926902042797,2.6,서대문구,북가좌2동,29490.0,25.72397422855205,5.947778908104442,37129.74290375992,5.036248613599175,40.2899889087934,1863.3100000000009,12105.200000000066,4822.546837499998,0.1539264117899738,False,0.6527426465958536,False
11410565,1.1350792973946506,10,43,2,0.514412568530951,7.4,서대문구,충현동,19097.0,20.490129339686863,4.052992616641357,16824.375216633212,8.80995717475688,37.88281585145458,8264.459999999992,32431.87250000008,19632.544912500016,0.2548252494517537,True,0.44999539474455935,False
11410555,0.4439689429560023,4,13,0,0.2452991859993092,6.4,서대문구,북아현동,15076.0,17.159724064738658,3.95330326346511,33957.330212383895,9.00963921793152,29.28132745827744,683.0874999999996,5218.4525000000185,1872.7585575,0.1308984799612523,False,0.23731438861170565,False
11410585,2.5627422351221587,17,48,1,0.659706335617513,6.6,서대문구,신촌동,20650.0,11.186440677966102,1.9709443099273607,8057.774877626611,6.633519269716823,18.729936761553382,4911.937499999973,36251.700000000754,13713.547475,0.1354953698723058,False,0.27206678761840125,False
11410615,2.821716867925796,15,57,0,1.6286036535167037,7.5,서대문구,연희동,33030.0,20.10596427490161,3.0214956100514683,11705.639348670687,5.315912510749631,20.2004675408486,4233.55749999999,24037.069999999807,11466.835120000016,0.1761261875927483,False,0.5653175398583411,False
11440590,0.7745191173530541,7,19,1,0.357198134149866,2.9,마포구,용강동,21165.0,16.12095440585873,2.1828490432317507,27326.63342427508,9.037866003776308,24.53135058167855,2356.7749999999983,11600.75749999995,6923.878029999997,0.2031569921188343,False,0.19189050022857954,False
11440600,0.8345462264191021,11,32,3,0.3799876288388054,6.2,마포구,대흥동,14221.0,14.89346740735532,3.375290063989874,17040.398182638637,13.180815695733422,38.34419111486086,2468.63,16875.305000000055,6378.029592499993,0.1462865411914031,False,0.23528463082394516,False
11440610,0.538961793996743,5,12,0,0.6383486733938702,5.2,마포구,염리동,16740.0,13.93667861409797,2.706093189964158,31059.71552429032,9.2770954373627,22.26502904967048,2560.207499999998,12502.69500000005,6603.08972250001,0.2047724510595505,False,0.3123935708635193,False
11440630,0.8189223947121866,5,24,0,0.4014774791731984,2.7,마포구,신수동,21955.0,17.622409473923934,2.104304258711,26809.622183694424,6.105584646707908,29.30680630419796,1780.4350000000045,9099.682499999904,5222.391972500001,0.1956590243670615,False,0.23424370107047596,False
11440660,1.6448013470174248,12,75,2,0.3811508789541347,2.1,마포구,서교동,23436.0,15.44205495818399,2.1164021164021163,14248.529187124825,7.295713869495557,45.59821168434723,7255.089999999971,44628.58500000041,21541.942085000024,0.1625659876960003,True,0.18785402408062032,False
11440680,1.6642483639332546,7,29,1,0.3775910543961325,1.7,마포구,합정동,15446.0,18.457853165868187,3.0493331606888514,9281.066657319823,4.206102978197513,17.425283766818268,2498.9124999999995,12039.852499999914,7498.838377499997,0.2075534147947424,False,0.2849111895819285,False
11440690,1.0879974792775902,4,23,0,1.0855736476289075,1.1,마포구,망원1동,18336.0,20.909685863874344,4.008507853403142,16852.980222136874,3.6764791060508015,21.13975485979211,2182.119999999997,10663.105000000063,6322.02714,0.2046420812699475,False,0.5987132164098165,False
11440700,0.6425659101137027,3,36,0,0.5270630208047329,1.1,마포구,망원2동,17062.0,20.659946079005977,3.06529129058727,26552.91812318656,4.668781758853574,56.02538110624288,1592.4025000000015,7166.31750000001,4705.745162499998,0.2222065237829609,False,0.4167587849258391,False
11440710,0.6463422836844978,5,21,0,0.6562962140359291,0.6,마포구,연남동,13825.0,18.5750452079566,2.828209764918625,21389.595496042875,7.735839239075181,32.49052480411576,1648.780000000001,9271.577499999974,4600.576602500002,0.1778316580970181,False,0.4077111017796169,False
11440720,0.8626275306194922,5,26,0,0.6757035888067371,4.8,마포구,성산1동,18300.0,18.907103825136613,3.2131147540983607,21214.25453098852,5.796244407373913,30.140470918344345,1749.8849999999995,8635.917499999834,4878.6243725,0.202628730531531,False,0.43372174757319343,False
11440730,1.960157714981064,19,40,3,0.4902898340494608,2.5,마포구,성산2동,37924.0,18.97479168864044,6.349541187638435,19347.42276611469,9.693097578213775,20.40652121729216,3748.812499999989,17205.54000000009,10333.773639999998,0.2178840361883422,False,0.49995931279173744,False
11440740,8.591550978886138,36,99,2,1.8157897563548837,4.8,마포구,상암동,29110.0,17.24493301271041,5.41051185159739,3388.212450992638,4.190163113560116,11.52294856229032,6319.274999999994,20162.957500000208,19711.599257499995,0.3134101234900648,False,0.6025659031516096,True
11440585,0.603511914057558,3,31,1,0.3574500674198562,8.2,마포구,도화동,20213.0,20.669865927868205,2.8793350813832683,33492.296554848544,4.970904351879762,51.36601163609088,2026.370000000001,11059.107500000016,5909.987062499996,0.1832308800687576,False,0.3267058158090345,False
11440655,1.4829206006956934,10,63,2,0.2843625535558396,4.8,마포구,서강동,24345.0,16.245635654138425,1.5773259396179913,16416.927506825956,6.743449376391849,42.48373107126865,2471.612499999996,13269.4775000001,7269.947472499998,0.1862629858636089,False,0.13215925883318766,False
11440565,1.0169785120157495,8,39,0,0.5314240165515165,6.2,마포구,공덕동,35843.0,19.31757944368496,3.562759813631672,35244.59914984409,7.8664395613858416,38.34889286175598,2489.034999999996,17392.042500000003,6769.277510000002,0.1431134382290059,False,0.4097078258675857,False
11440555,0.7299759100275638,8,18,2,0.5337152273079353,6.8,마포구,아현동,28566.0,14.482251627809283,2.359448295176084,39132.79823017906,10.959265764945478,24.658347971127323,1909.2675000000008,13528.845,5521.1086650000025,0.1411256836780967,False,0.26220583371982237,False
11470510,1.5614133021881058,19,25,2,0.2862972940245967,2.1,양천구,목1동,29799.0,13.86288130474177,1.3557501929594953,19084.633106584148,12.168463002956434,16.011135530205834,6731.352499999997,24447.34500000004,17230.667769999975,0.2753408396699104,False,0.09824827234539112,False
11470520,1.0522851068043857,6,16,2,0.5088984584707982,5.1,양천구,목2동,27731.0,19.404276802134795,4.320075006310627,26353.1240922096,5.701876764388503,15.205004705036009,2443.7099999999978,9253.017500000096,7493.96660499999,0.2640987115824618,False,0.4334971920566155,False
11470530,0.4998391583921797,4,9,0,0.6278653521333721,2.0,양천구,목3동,20469.0,21.70110899408862,5.857638379989252,40951.17330511304,8.002574293832241,18.005792161122546,1503.425000000001,5456.442499999969,4474.390565,0.275532088902249,False,0.6058867105057528,False
11470540,0.5605794701606477,4,13,0,0.8095974692814194,1.6,양천구,목4동,23485.0,17.130083031722375,4.858420268256334,41894.14926891597,7.135473582101932,23.19028914183128,2399.120000000003,9448.192500000036,6268.680757499995,0.2539237002209675,False,0.50061278039128,True
11470560,0.627270874207287,7,9,0,1.1449438434884955,1.3,양천구,신월1동,18426.0,29.15445566047976,10.90307174644524,29374.86938682725,11.159453256691128,14.347868472888594,1589.490000000003,6402.5275000000165,4257.0023925000005,0.2482597692864261,False,0.9331897892833944,True
11470570,0.6129027571504979,5,10,0,0.7279033591613577,3.7,양천구,신월2동,20385.0,24.94971792985038,4.459161147902869,33259.762274155466,8.157900974774458,16.315801949548916,1283.4025000000006,4723.924999999994,3475.516697499997,0.2716813878289774,False,0.6591251203455031,False
11470580,0.9261992992803888,4,12,0,1.5192809623271963,3.5,양천구,신월3동,13463.0,27.70556339597416,12.018123746564658,14535.748418790736,4.318724925734453,12.956174777203358,923.4124999999988,3907.935000000005,2585.2984925,0.2362916732238375,False,0.9409535766580932,False
11470590,0.4537336107022681,3,8,0,1.1237908423615763,0.9,양천구,신월4동,16571.0,25.09202824210971,3.18628930058536,36521.42933460928,6.611809064258513,17.631490838022703,774.2274999999995,3058.4675000000016,2097.0671925000006,0.2531423008418429,False,0.6703133135962238,True
11470600,0.6384822206718981,5,13,0,0.9850538368861445,3.0,양천구,신월5동,13608.0,23.16284538506761,6.297766019988242,21313.044528757287,7.831071622853207,20.360786219418337,1064.777499999999,4477.014999999998,2872.9662125000023,0.2378320153048403,False,0.7432342327599724,False
11470610,0.4724261920910125,2,14,0,0.9568801120399716,2.7,양천구,신월6동,13574.0,18.005009577132753,2.9099749521143363,28732.530556614394,4.23346553066368,29.63425871464576,1701.505000000002,5162.945000000013,4742.831335000001,0.3295609385728489,False,0.46238066510198444,True
11470611,1.2234720179531573,3,19,0,1.6161957811151504,6.4,양천구,신월7동,17819.0,29.378753016443124,6.885908300129076,14564.288956776312,2.4520380981159966,15.529574621401313,1676.4850000000013,5939.947500000019,4494.3500025,0.2822390265233818,False,0.9037617599050733,True
11470620,0.7382660839847576,5,27,0,0.6768607841923533,1.1,양천구,신정1동,19342.0,17.11818839830421,1.4993278874987075,26199.22602376969,6.772625897986168,36.572179849125305,1888.0725,7627.067499999959,4645.547777499996,0.2475489432865266,False,0.3153392247990086,False
11470630,0.6472768833385036,4,14,0,0.623020125689358,2.5,양천구,신정2동,18612.0,17.940038684719536,4.115624328390286,28754.30975381607,6.179735601507859,21.629074605277506,2783.127500000005,10457.167500000069,7129.372860000005,0.2661454452173581,False,0.43158242100093264,False
11470640,2.8287464123439627,15,56,1,1.3783104202818464,5.5,양천구,신정3동,45089.0,20.679101332919338,6.138969593470692,15939.569486767194,5.302702262225996,19.796755112310382,4131.249999999996,16510.972500000065,10996.943335000004,0.2502123966350243,False,0.7020312148474487,True
11470670,0.9246997728273544,13,22,0,0.4574147956665744,1.9,양천구,신정6동,23826.0,15.663560815915387,0.2266431629312515,25766.200771467506,14.05861705821697,23.79150579082872,1476.0474999999994,6335.80749999997,3771.394259999999,0.2329691203528526,False,0.181100999537686,False
11470680,1.1412844086027325,10,26,1,0.1807825042035057,5.3,양천구,신정7동,27603.0,22.783755388907004,7.086186284099554,24185.908255589147,8.762057839941003,22.781350383846604,3151.0025000000032,12717.092499999972,8308.28800999999,0.2477769584517852,False,0.4938165437713091,False
11470550,1.8015465566031152,14,28,0,0.834729027749659,2.0,양천구,목5동,40354.0,14.957625018585516,0.1511622144025375,22399.64315775941,7.771100862581944,15.542201725163888,6178.189999999991,22455.269999999862,17743.882117500023,0.2751331869979754,False,0.29680513625638444,True
11470650,0.9941422222714632,6,17,1,0.1703312343738002,1.8,양천구,신정4동,31091.0,23.749638158952752,6.6932552828792895,31274.19729640072,6.035353760844113,17.100168989058318,4406.887499999988,18999.174999999323,10909.958347500007,0.2319515189475408,True,0.49538490809135755,False
11500510,1.676114040526252,13,37,1,0.8122493722965672,2.2,강서구,염창동,40993.0,14.156075427512016,0.6537701558802722,24457.16640326536,7.756035499779222,22.0748702686024,4773.529999999986,15726.467500000026,14829.3637825,0.3035347893606735,False,0.2945283095388122,True
11500520,0.6578243762208491,9,16,1,0.3420128624511528,1.9,강서구,등촌1동,24846.0,15.008452064718666,1.239636158737825,37769.95942707136,13.681463207101435,24.32260125706922,3364.0174999999904,11534.842499999912,9634.134045,0.2916396561114741,False,0.12882382828072902,False
11500530,0.8937210591900941,5,7,0,0.9003848826211588,5.8,강서구,등촌2동,18886.0,21.52388012284232,3.055173144127925,21131.87308925542,5.594586754541835,7.832421456358569,2599.577499999996,8159.137500000012,7309.967075000003,0.3186093505594178,False,0.5554488009477095,True
11500535,1.0409884459165362,9,46,1,0.6791744183235539,1.0,강서구,등촌3동,28460.0,29.54673225579761,19.125087842586087,27339.40046274236,8.645629099250922,44.18877095172694,5812.349999999999,19778.19749999992,15850.6591125,0.2938766285451454,True,0.8644749332869179,False
11500590,0.9802311457396828,5,25,0,0.7683228132098532,5.8,강서구,화곡본동,31632.0,19.92286292362165,7.514542235710673,32269.939735622746,5.100837717441633,25.50418858720817,1808.5249999999985,10971.227500000075,4582.993842500001,0.1648425392691916,False,0.6537685323395449,False
11500550,0.4560110194276246,2,27,0,0.6992083951423637,4.1,강서구,화곡2동,16671.0,21.366444724371664,6.7962329794253495,36558.32707929972,4.385858926195156,59.2090955036346,822.0325,3885.732500000012,2230.6257624999994,0.2115514899700371,False,0.6523160752766479,False
11500560,0.5215403646502551,4,9,0,0.5756866799367061,2.3,강서구,화곡3동,20440.0,25.318003913894326,3.776908023483366,39191.59740149175,7.669588532581557,17.256574198308503,2421.4275,10634.357499999944,6267.911359999993,0.2276985233945739,False,0.5837498183278015,False
11500570,0.8543001989795777,1,31,0,1.12812603714701,4.9,강서구,화곡4동,18975.0,25.5072463768116,7.330698287220026,22211.161864020127,1.1705487148363702,36.28701015992748,1670.000000000001,6910.499999999969,4403.11181,0.2416612401418143,False,0.8456314694173429,False
11500591,1.0610225646829157,4,28,0,1.123295192136543,6.3,강서구,화곡6동,25262.0,20.11321352228644,4.627503760589027,23809.107214934204,3.769948098319088,26.38963668823362,4292.4450000000015,15279.172500000084,11306.459769999992,0.2809343896078127,True,0.6161040654121961,True
11500593,0.5743974458177956,2,24,0,0.3187519187849533,4.1,강서구,화곡8동,22275.0,24.296296296296298,6.118967452300786,38779.768542121696,3.4819096334116,41.7829156009392,6297.497499999983,18766.07999999996,16428.739817499994,0.3355787410050472,True,0.5273363071027347,False
11500603,4.878202736816228,57,54,1,0.5781681773945603,1.8,강서구,가양1동,33337.0,12.796592374838768,1.1548729639739628,6833.869315927096,11.684631220801046,11.06965063023257,8954.537499999955,29831.31500000004,21980.32353,0.300172402725121,False,0.22257993826590647,False
11500604,0.6988481444796003,7,13,0,0.5391336327647515,2.4,강서구,가양2동,12833.0,39.312709421023925,27.08641782903452,18363.073725488877,10.016482200453682,18.602038372271124,1358.752500000002,5626.675000000041,3859.4031174999977,0.2414840914038916,False,0.833327783882174,False
11500605,0.6006695125101635,7,14,0,0.5024460321710881,4.0,강서구,가양3동,13315.0,31.595944423582427,16.372512204280888,22166.931603299417,11.653662878189706,23.307325756379413,1150.5675000000024,4449.1525,3513.9112175000027,0.2586037453200362,False,0.8066477848563526,False
11500611,2.9537678443306588,30,64,2,0.9941957103893037,2.4,강서구,발산1동,34552.0,18.09157212317666,5.8491548969668905,11697.601782183963,10.156519259826318,21.66724108762948,6106.565000000001,25128.39999999995,15696.873945000005,0.2430144776428269,False,0.5950171504341538,False
11500620,10.916187480952376,20,59,3,1.0579911096973176,1.4,강서구,공항동,28549.0,17.604819783530072,6.851378331990612,2615.2903703619118,1.8321414903232416,5.404817396453563,7506.694999999981,23034.399999999845,20291.244555000038,0.3258906244573347,False,0.6289455216954872,True
11500630,1.4782649576939684,20,44,2,0.1518876099365064,1.0,강서구,방화1동,40479.0,21.26287704735789,3.505521381457052,27382.777214137277,13.52937434923653,29.764623568320367,4241.600000000005,15734.682499999864,10289.195747500004,0.2695701041314333,False,0.30124737985688094,False
11500640,6.178034279005645,12,33,3,0.620348249556018,3.1,강서구,방화2동,22537.0,26.63619825176377,8.705683986333584,3647.924077822912,1.942365396187378,5.341504839515289,4289.269999999999,12776.91499999997,11567.6286525,0.3357046673629752,False,0.7810270997847603,False
11500641,2.551153023675798,6,17,1,1.0092391907832032,3.6,강서구,방화3동,21229.0,30.175703047717743,10.98497338546328,8321.335413040983,2.3518777369751707,6.6636535880963175,2292.5049999999974,6995.565,6427.2945525,0.3277083409274301,False,0.9332767657525117,True
11500540,1.1902345293026502,9,29,2,0.6478560959009365,1.6,강서구,화곡1동,49621.0,21.426412204510186,4.87898268878096,41690.10289852084,7.561534956705579,24.364945971606865,3358.105000000002,16305.059999999818,9674.541205000018,0.2059547772286664,False,0.5718492701735305,False
11500615,1.2430465639237387,11,28,0,0.443244866397227,5.1,강서구,우장산동,43623.0,17.41054031130367,1.6527978360039428,35093.61697787235,8.84922602197455,22.525302601389765,3102.5125,14347.272499999905,7874.6318625,0.2162440631137396,False,0.2340453673681436,False
11530510,1.3732862138333746,12,34,2,0.4485737523311834,2.0,구로구,신도림동,35683.0,16.40276882549113,0.6137376341675308,25983.65849781227,8.738163886829785,24.75813101268439,5158.569999999998,18779.042499999945,13862.147277499971,0.2746982440664913,False,0.19140835549563198,False
11530520,1.0805415511986394,9,24,1,0.5501619208931812,1.3,구로구,구로1동,20001.0,17.874106294685266,0.6799660016999151,18510.162777001024,8.32915679181087,22.21108477816232,1736.632499999998,5902.970000000037,4926.938602500003,0.2941963960514769,False,0.26833863476873704,False
11530540,1.0403708640492226,6,45,2,0.626134511367299,2.8,구로구,구로3동,22656.0,18.215925141242938,2.6262358757062145,21776.84975896065,5.767174194640004,43.253806459800025,3857.464999999993,21293.44250000005,10927.7687225,0.1811574150116865,True,0.3723034730253803,False
11530550,0.515180245828571,6,19,0,0.516085889156911,1.2,구로구,구로4동,17563.0,29.74434891533337,6.217616580310881,34090.98105412252,11.646409287976722,36.88029607859295,1021.0275000000016,5914.257500000003,2922.513487499999,0.1726383235765438,False,0.718135827314546,False
11530560,1.0207777540891283,14,32,1,0.4842110058927764,1.5,구로구,구로5동,28476.0,20.582244697288942,2.268577047338109,27896.37596031863,13.715032428868549,31.34864555169954,5184.247500000005,20034.237500000057,14823.449187500002,0.2587693941434003,False,0.35692749560528175,False
11530720,1.1301389331428011,9,31,0,0.7033561636179867,3.1,구로구,고척1동,26227.0,20.680977618484768,2.783391161779845,23206.88123456236,7.96362264502464,27.43025577730709,5152.3575,17552.795000000082,14440.261635000026,0.2935348757847383,True,0.46987231896414733,False
11530730,0.9947665189830278,3,34,0,1.2631656743492323,4.7,구로구,고척2동,24759.0,26.2450018175209,6.094753422997698,24889.257456424733,3.0157830433084616,34.17887449082923,1439.6874999999975,5876.177499999992,3860.8755875000056,0.2450040864150205,False,0.8281312883369104,True
11530750,0.8135767124985392,3,25,0,0.397232166882248,5.8,구로구,개봉2동,29050.0,27.19104991394148,3.0946643717728053,35706.52841179025,3.687421178498133,30.72850982081777,1706.9325000000017,6665.074999999983,4756.915332499998,0.2561010191183154,False,0.5046639586397038,False
11530760,0.8464469095014922,2,21,0,0.8151715160312754,6.0,구로구,개봉3동,18530.0,28.33783054506206,4.338909875876956,21891.508837705,2.362818007307609,24.809589076729896,925.797499999998,4165.18500000002,2700.354729999998,0.2222704393682378,False,0.7290628281507509,False
11530770,0.7454311402817021,7,14,1,0.3387785535958492,5.1,구로구,오류1동,22994.0,21.053318256936592,5.649299817343655,30846.578251762403,9.390538738903054,18.781077477806107,1278.9,5883.842499999992,3520.611572500003,0.2173579595306981,False,0.44370384257148626,False
11530800,1.4304003800448102,18,31,0,1.2504186982164935,5.9,구로구,항동,15946.0,14.825034491408504,5.161168945190016,11147.927686862373,12.583889274019986,21.67225374970109,555.9549999999998,1985.7924999999937,1315.09283,0.2799663106794902,False,0.5349252999162742,True
11530790,2.649388969951892,5,41,1,0.7652120296168078,6.2,구로구,수궁동,21687.0,26.29224881265274,6.178816802692857,8185.661013148173,1.887227604820439,15.475266359527602,989.7999999999988,5040.185000000012,2711.5680625000005,0.1963816804343484,False,0.7679531977699727,False
11530595,0.4071967754877177,2,10,0,0.3381734823746021,4.3,구로구,가리봉동,8855.0,25.194805194805195,8.627893845285149,21746.24292983158,4.911630249538471,24.558151247692354,772.845,3848.9850000000015,2180.2966475,0.200791897084556,False,0.6196231275665226,False
11530530,1.8054517640655297,10,39,0,0.7183126180073486,1.4,구로구,구로2동,21641.0,29.90619657132295,5.845386072732314,11986.473652039662,5.538779932553792,21.60124173695979,3058.875000000002,13307.525000000016,8578.89934499999,0.2298605488248189,False,0.7727364564592429,False
11530740,1.124186452414844,10,47,1,0.7044530835865556,5.1,구로구,개봉1동,33189.0,24.36650697520263,5.537979451022929,29522.682762016328,8.89532157100736,41.80801138373459,2328.5525000000016,9670.357500000018,6313.147902500001,0.2407928041957081,False,0.6766012362704342,False
11545510,2.238056077513172,25,102,2,0.6544463548863237,1.1,금천구,가산동,25532.0,13.504621651261164,3.654237819207269,11408.114504606168,11.170408217732811,45.57526552834988,8274.314999999999,29668.26500000018,24829.47348000001,0.2788944685508218,False,0.35894704871508115,False
11545610,1.958696107633216,24,67,0,0.3486361122170356,1.9,금천구,독산1동,47669.0,15.87824372233527,4.304684386079003,24337.10865826996,12.253049315036584,34.20642933781046,4729.237500000005,18542.17000000001,11892.925750000008,0.255053076311996,False,0.2772486599653493,False
11545620,0.614401584178276,2,10,0,1.0055264779359503,5.5,금천구,독산2동,17067.0,26.044413195054783,9.087713130602918,27778.24868864239,3.25519994007645,16.27599970038225,935.3824999999993,4145.5175000000045,2236.2334724999964,0.2256370887350006,False,0.8686327083388893,False
11545630,0.9433878013413288,6,21,0,1.0593305632447902,2.9,금천구,독산3동,22557.0,26.18255973755376,6.241964800283726,23910.633535782395,6.3600567989845445,22.260198796445906,1401.9299999999998,6974.500000000025,3391.812959999997,0.2010079575596809,False,0.8211688048886088,False
11545640,0.6178444062006726,2,16,0,1.3367245602437936,4.0,금천구,독산4동,13779.0,26.44604107700124,7.656578851876043,22301.73140958187,3.2370609492099383,25.896487593679502,1330.1125000000022,6013.092499999989,3005.817904999998,0.2212027338678067,False,0.8810260267155313,False
11545670,1.4724398041323712,13,38,1,0.6406419056189316,2.8,금천구,시흥1동,30956.0,24.563897144333893,6.302493862256106,21023.609870585296,8.828883845380826,25.807506624959338,2400.652500000001,9886.897500000045,5729.971832500001,0.2428115088681753,False,0.6980968643812502,False
11545680,1.1765366368884096,2,22,0,2.348452789218637,14.2,금천구,시흥2동,19705.0,26.140573458513067,6.698807409286983,16748.309727195476,1.6999045650540954,18.698950215595048,1476.554999999998,6400.284999999999,4034.957634999996,0.2307014453262625,False,0.87217231135272,False
11545690,1.3315754723340534,4,14,0,0.7365238547234649,10.5,금천구,시흥3동,9904.0,29.109450726979,4.563812600969305,7437.805971778501,3.0039604086342893,10.513861430220013,1049.2099999999984,3023.857499999996,3241.7314824999994,0.3469773294541822,False,0.7260885853365405,False
11545700,0.7689814795219151,4,22,0,1.4379276317074337,7.5,금천구,시흥4동,18232.0,29.047827994734533,9.066476524791575,23709.28362453547,5.201685744742314,28.60927159608273,898.9500000000012,5059.2974999999815,2103.7369474999987,0.177682771175248,False,0.931472825915716,False
11545710,1.422470642255705,0,36,0,1.480297715670223,11.1,금천구,시흥5동,17102.0,30.08420067828324,12.150625657817798,12022.743733311949,0.0,25.3080794292615,1082.0850000000005,4658.872500000021,2767.0951300000006,0.2322632782931912,False,0.9646016553986506,False
11560540,8.19208726597129,68,57,4,0.2586170229919989,2.1,영등포구,여의동,33980.0,20.99175985874044,0.3943496174220129,4147.905032841612,8.300692826169207,6.957933692524188,14959.804999999964,63871.93499999932,47780.94564750007,0.2342156222447327,False,0.20623270169006827,False
11560550,0.7419230352934013,10,18,1,0.1725038839985963,1.1,영등포구,당산1동,21026.0,18.32493103776277,3.020070389042138,28339.866805301503,13.47848701859674,24.26127663347413,3435.8049999999976,13800.889999999965,9414.173474999994,0.2489553209974144,False,0.20974568837890747,False
11560560,1.6317290331847325,15,42,1,0.0159616775319483,2.7,영등포구,당산2동,36343.0,15.15560080345596,0.8364746993919049,22272.693113186466,9.192702768010262,25.739567750428733,4801.897499999994,19660.245000000145,13235.828392500016,0.2442440315469089,False,0.056003772364353936,False
11560610,0.8629432962385533,12,22,1,0.0412551228278461,1.4,영등포구,양평1동,19453.0,14.460494525266023,1.794067753045803,22542.616745263396,13.905896311271306,25.49414323733073,4764.009999999992,15119.9575,13148.83963249998,0.3150809120991241,False,0.07654660442233922,False
11560620,2.888640422298365,9,29,1,0.5641715739995632,1.6,영등포구,양평2동,22415.0,14.396609413339284,1.3250055766227973,7759.705855727576,3.115652585391398,10.039324997372283,4045.9474999999975,13934.25249999986,12216.881032500016,0.2903598524571044,False,0.23129262918740937,False
11560630,0.8099627993526887,5,24,0,0.479534373682206,2.9,영등포구,신길1동,18934.0,21.5696630400338,6.110700327453259,23376.382242655836,6.173123017496523,29.630990483983307,1837.5049999999997,8767.970000000041,5165.4235974999965,0.2095701741680218,False,0.5519665860970521,False
11560650,0.4792806296448362,7,22,0,0.8174065492382744,1.4,영등포구,신길3동,16042.0,23.73768856751029,5.304824834808628,33470.995921299145,14.605222007797908,45.902126310222,1013.934999999998,4458.6249999999945,2638.6192699999992,0.2274097956208471,False,0.6865975073548638,False
11560660,0.2876090033257217,2,12,0,0.8127658530392777,2.9,영등포구,신길4동,11778.0,23.832569196807608,7.080998471726948,40951.430114519855,6.953885229159424,41.72331137495655,658.8925000000002,3342.5849999999964,1777.6886999999997,0.1971206416590755,False,0.7513794857252599,False
11560670,0.529644824793374,4,20,0,0.3861139105984925,2.0,영등포구,신길5동,9497.0,25.05001579446141,6.496788459513531,17930.884161296177,7.552230877665022,37.76115438832511,851.2174999999995,3539.3449999999984,2205.179527500001,0.2405014204605654,False,0.607487451007683,False
11560680,0.6781372084314975,5,26,2,0.4209399904565413,0.5,영등포구,신길6동,17698.0,21.45440162730252,3.418465363317889,26097.96333242755,7.373139149177181,38.34032357572134,1880.0399999999977,9283.972499999982,5152.841532500002,0.2025038311994139,False,0.4092506931159295,False
11560690,0.5467621337763665,6,26,2,0.1740677965531997,4.3,영등포구,신길7동,19341.0,16.219430225944883,1.788945762887131,35373.70056411175,10.97369336563107,47.55267125106796,1487.207500000001,7040.652499999996,4053.4734075000006,0.2112314874225083,False,0.11189842305638627,False
11560700,0.4804937360234869,4,13,0,0.7034125262644377,1.9,영등포구,대림1동,13186.0,28.06764750492947,4.580615804641286,27442.60541068835,8.324770335412817,27.055503590091654,1633.592499999999,6900.150000000001,4191.073607500006,0.2367473895495024,False,0.7064675933881892,False
11560710,0.5773905293562858,2,14,1,0.3966542596872624,0.2,영등포구,대림2동,11457.0,27.35445579121934,5.13223356899712,19842.722416616434,3.4638600709813097,24.24702049686917,673.6324999999997,3678.717499999993,1825.9806625000008,0.183116126747977,False,0.5923472332093466,False
11560720,0.9352310476566073,7,40,0,0.7881990226702295,1.6,영등포구,대림3동,20689.0,26.71467929817777,4.654647397167577,22121.806212315216,7.484781453246001,42.77017973283429,2497.9374999999927,9959.522500000046,6662.248782499997,0.2508089619758358,False,0.7197049543553696,False
11560515,0.8064103706304979,7,16,1,0.3016048820780986,2.5,영등포구,영등포본동,20241.0,24.31203991897633,5.553085321871449,25100.123630818915,8.680443921532158,19.84101467778779,2263.0099999999998,10928.010000000057,6482.148204999999,0.207083448862143,False,0.5005375340416748,False
11560535,1.4127583510261903,22,43,2,0.2578602715787783,1.3,영등포구,영등포동,31197.0,12.48517485655672,5.083822162387409,22082.332748087687,15.572372999260477,30.43691086219093,7647.507499999975,36108.17750000022,22036.465995,0.2117943366152979,False,0.23582824033110708,False
11560585,0.5485412810013602,5,23,0,0.7889296101422318,1.5,영등포구,도림동,17543.0,22.088582340534685,5.460867582511543,31981.184657561804,9.115084266534174,41.9293876260572,1557.0074999999983,6614.762499999965,4040.210797500003,0.2353837344878227,False,0.6488446437197124,False
11560605,1.7390679894828054,16,44,1,0.3344082219400995,1.2,영등포구,문래동,31047.0,17.067671594679034,0.901858472638258,17852.666018672047,9.200330347497433,25.30090845561794,7275.850000000019,25857.26749999971,19562.037647500027,0.2813851076878135,False,0.14618795575525165,False
11590520,0.6474933780294927,3,13,0,0.3480474462549361,2.2,동작구,노량진2동,7615.0,24.254760341431385,8.798424162836508,11760.738037467843,4.6332520173872,20.07742540867787,1821.8075000000013,7557.619999999997,5186.77825,0.241055715952906,False,0.6014487276213122,False
11590530,1.427618824356682,7,44,2,0.4361833472572956,7.1,동작구,상도1동,43968.0,19.47552765647744,3.004457787481805,30798.136904515108,4.903269612709374,30.820551851316065,3097.269999999994,16734.597500000244,8685.387562499996,0.1850818342060482,False,0.3398099899483922,False
11590540,0.775098817367615,6,37,1,0.234477018486548,2.6,동작구,상도2동,26716.0,19.0110795029196,2.163497529570295,34467.863195473175,7.740948464322468,47.73584886332189,2344.225000000002,12345.935000000009,6002.754247499996,0.1898782878737009,False,0.20168517632184377,False
11590550,0.6715773322479535,0,32,0,0.4250515799846091,4.1,동작구,상도3동,23331.0,23.226608375123227,4.9804980498049805,34740.60079113264,0.0,47.649017415294864,1073.6450000000004,7299.305000000013,2958.179097499998,0.147088661180756,False,0.5197270101361383,False
11590560,0.966117648510704,0,39,0,0.8044482483083207,8.2,동작구,상도4동,28647.0,21.95343316926729,5.477013299821971,29651.66824574637,0.0,40.36775444493694,1731.9599999999996,8826.137499999973,4807.813675000003,0.1962307974467885,False,0.6496142026814211,False
11590620,0.6310165864663491,5,11,0,0.4492211300918103,2.3,동작구,사당1동,22100.0,19.855203619909503,3.746606334841629,35022.85118012274,7.92372198645311,17.43218837019684,1658.8675000000012,10673.027500000106,4283.117347499998,0.1554261431444812,False,0.39184051308699974,False
11590640,0.8920491799895068,6,26,0,0.5206270164877624,7.0,동작구,사당3동,23223.0,23.248503638634112,2.686991344787496,26033.318028803267,6.726086559566792,29.146375091456097,1110.8275000000008,6106.934999999983,3081.1619725,0.1818960738897669,False,0.46165155664209073,False
11590650,0.4261071673878789,1,5,1,0.4116756124397873,6.1,동작구,사당4동,13549.0,23.92058454498487,4.384087386522991,31797.1652132914,2.346827456881792,11.73413728440896,817.345,4107.65000000004,2081.33202,0.1989811692817041,False,0.5023825818981953,False
11590651,0.6600031945998298,1,23,0,0.6130932647799172,7.1,동작구,사당5동,13631.0,20.23329176142616,3.286626072922016,20652.93033659433,1.5151441813949331,34.848316172083464,826.3699999999989,4831.922499999992,2147.968295,0.1710230244793869,False,0.4527953164105056,False
11590660,1.583991654662136,13,50,1,0.5709756751116845,3.7,동작구,대방동,33466.0,18.538217892786708,4.482160999223092,21127.636563930173,8.207113946425991,31.5658228708692,2740.322500000003,15296.982500000056,7641.610345000004,0.1791413764119814,False,0.4514628432158012,False
11590670,0.682289555919901,6,15,1,0.4673070567390053,2.5,동작구,신대방1동,22795.0,20.64049133581926,3.0182057468743144,33409.569005151345,8.793920334762364,21.984800836905908,1856.0749999999985,10326.790000000135,5132.281697500002,0.1797339734806241,False,0.3885471373800562,False
11590680,1.030602073858059,10,27,2,0.2791084305125789,3.2,동작구,신대방2동,21991.0,18.139238779500705,2.7283888863626027,21338.01256354617,9.703066055907492,26.198278350950236,2498.382500000004,16260.779999999995,6877.20301,0.1536446898611262,False,0.2197658668145398,False
11590605,1.721204214551654,14,53,1,0.3621186635393393,7.8,동작구,흑석동,29844.0,19.544967162578743,2.1109770808202653,17339.023311521396,8.133840180984437,30.79239497086965,3398.1700000000037,14143.827499999805,10629.34803,0.2402581620851958,False,0.26119925270196465,False
11590510,1.623996289054422,9,50,2,0.2331763071726984,4.0,동작구,노량진1동,33529.0,20.385338065555192,4.047242685436488,20645.98313800482,5.541884584748826,30.788247693049037,2501.1625000000004,13190.647499999995,6992.009962500002,0.1896163550727893,False,0.3185159305280253,False
11590630,2.7392211204628434,8,26,3,0.9280008561755662,7.6,동작구,사당2동,27594.0,23.762412118576503,2.681742407769805,10073.666486383352,2.920538229001479,9.491749244254809,2789.7900000000045,13939.494999999892,7424.611682500006,0.2001356577121356,False,0.586895252505025,False
11620525,0.7602176070547124,2,24,1,0.3927461623411482,6.7,관악구,보라매동,22892.0,22.994932727590424,5.469159531714136,30112.430687694497,2.6308256760173423,31.569908112208108,1253.1999999999998,8412.382499999978,3553.1131674999983,0.1489708771563826,False,0.5183178703531435,False
11620545,0.3157263352920961,0,10,0,0.9073641544494478,5.4,관악구,청림동,14155.0,22.24655598728365,4.627340162486754,44833.13052395333,0.0,31.672999310458025,399.7850000000001,2768.6424999999936,1125.2732775,0.1443974799924515,False,0.6446596737269887,False
11620575,0.7218409281459549,5,13,0,0.5586939642884455,7.8,관악구,행운동,28378.0,17.68271195996899,4.077101980407358,39313.37070743379,6.92673386204697,18.009508041322125,965.3275000000016,6998.78750000002,2637.269075,0.1379278196401875,False,0.39863709161628363,False
11620585,2.3355820899473705,13,36,1,1.0491134507989028,10.0,관악구,낙성대동,17739.0,12.768476238795872,2.7791871018659453,7595.108763828432,5.566064261219326,15.413716415684288,2542.069999999998,13816.11749999999,6049.817252500005,0.1839930790976553,False,0.3976665425798867,False
11620615,0.3790103736468194,7,12,0,0.3383919744487174,3.7,관악구,중앙동,15147.0,17.891331616821812,4.443124050967188,39964.60533324273,18.46915147109653,31.661402521879765,825.6050000000001,5530.335000000016,2078.1352275000004,0.1492866164527099,False,0.31278195354251975,False
11620625,0.7042019647493842,3,24,1,0.5853570067342049,5.5,관악구,인헌동,24971.0,19.050098113812023,3.247767410195827,35459.99762850255,4.260141479536569,34.08113183629255,1194.409999999999,8342.047500000077,3154.9594125000017,0.1431794772206689,False,0.40873817105554616,False
11620630,4.223523500592812,2,10,0,0.9576537648734244,15.4,관악구,남현동,17157.0,19.921897767675,2.1682112257387653,4062.248025278385,0.4735382672120283,2.3676913360601413,1270.8849999999984,7517.857500000016,3509.092244999999,0.1690488280736893,False,0.4812110838162276,False
11620645,0.6293947513668763,4,16,1,0.2198334264228265,6.1,관악구,서원동,22797.0,17.068035267798393,4.689213493003465,36220.51177022217,6.355311974421577,25.421247897686307,1591.0250000000012,13081.21999999996,3925.506497500001,0.1216266525599299,False,0.26267067258138216,False
11620655,0.5751034999747343,1,14,0,0.5448416543010896,5.8,관악구,신원동,17153.0,21.413163878038823,6.762665422958083,29825.93568071412,1.7388174477184235,24.34344426805793,496.17,4130.49749999999,1392.065505,0.1201235444398649,False,0.5983143134442581,False
11620665,0.7605389357263311,4,21,0,0.439471762678488,9.8,관악구,서림동,23572.0,18.157135584591888,5.875615136602749,30993.81095786796,5.259428297618864,27.611998562499032,788.7774999999991,6374.429999999989,2069.991092500001,0.1237408678109259,False,0.4362252075639388,False
11620685,0.6042735455194742,6,17,0,0.5548580406376663,1.2,관악구,신사동,22073.0,18.61550310333892,5.749105241698002,36528.15875138893,9.929277964405998,28.132954232483662,1075.8324999999998,7270.765000000013,2881.319445,0.1479668920670655,False,0.4933807145999327,False
11620695,0.5063116446904674,8,17,1,0.2266070087735029,1.2,관악구,신림동,23533.0,9.467556197679851,4.0836272468448565,46479.27861581546,15.800545146242456,33.57615843576522,1924.907499999999,13224.1875,5072.5141875,0.1455596043235169,False,0.17905827549674294,False
11620715,0.7980012266354629,1,15,0,1.8008016832913791,7.8,관악구,난향동,14266.0,23.279125192766017,5.110051871582784,17877.165502800523,1.2531309058461042,18.796963587691565,770.1575000000007,4726.549999999986,2243.5707550000006,0.1629428441463653,False,0.7404435689461971,False
11620725,0.6465787799499823,7,26,0,0.6231798678108488,1.3,관악구,조원동,19910.0,17.87041687594174,4.389753892516324,30792.844766016275,10.826213629438168,40.21165062362749,3804.6500000000015,13557.31500000006,10793.56302000001,0.2806344766644416,True,0.44185103600362935,False
11620735,8.468736364496623,6,48,1,1.7981090019085837,14.7,관악구,대학동,25069.0,14.619649766644065,7.096413897642507,2960.1818879492403,0.7084882256051475,5.66790580484118,3228.142500000003,18183.81499999993,7862.065384999994,0.1775283404500109,False,0.6255790299969665,False
11620605,0.7328053019679367,8,39,0,0.5457746105624129,5.7,관악구,은천동,31284.0,21.918552614755143,5.7537399309551205,42690.73915811926,10.916951581158228,53.22013895814637,1566.3450000000005,11234.790000000106,4187.32689,0.1394191613728414,False,0.5761470965403038,False
11620565,0.684687564096865,1,28,0,0.7019965502670443,9.7,관악구,성현동,29398.0,21.95727600517042,5.915368392407647,42936.37206450119,1.4605201736343012,40.89456486176043,1090.0250000000003,8299.562499999982,3059.1991825000005,0.1313352360440689,False,0.638833854639833,False
11620595,1.2145736269713128,9,18,1,0.6459244966470427,8.6,관악구,청룡동,36060.0,15.027731558513588,3.433166943982252,29689.4310886035,7.410007759218843,14.820015518437684,2328.882500000004,17247.695000000145,5828.749722500005,0.1350257237271405,False,0.3620840929637746,False
11620775,1.0120241094392308,1,23,0,1.1888108591917286,8.4,관악구,난곡동,24031.0,26.894428030460656,9.91635803753485,23745.481729003208,0.9881187519871504,22.726731295704457,858.4499999999997,6525.599999999999,2060.9907499999995,0.1315511217359322,False,0.9079451781555298,False
11620745,2.5818819106418847,6,30,1,1.195968801289795,11.4,관악구,삼성동,19909.0,32.10105982219097,8.92561153247275,7711.042057322598,2.323886299861148,11.61943149930574,980.1099999999988,7432.602500000014,2512.6537500000013,0.1318663281132008,False,0.9339145318243665,False
11620765,1.3374420241516618,4,35,0,1.470466121258685,5.2,관악구,미성동,28303.0,25.32947037416528,5.7202416704942936,21162.03879413208,2.990783845406081,26.16935864730321,2416.457500000001,12554.587500000063,6520.368117500001,0.1924760570588232,False,0.8059738816001714,False
11650510,1.368247195132996,6,34,0,0.3842707172828921,3.1,서초구,서초1동,20034.0,18.204053109713488,1.9267245682340024,14642.091042658896,4.385172519514494,24.84931094391547,2562.097500000001,15546.46000000004,7168.6275300000025,0.1648026303094077,False,0.2335184325151759,False
11650520,1.2316997450315716,11,44,1,0.7187827774881199,2.3,서초구,서초2동,24832.0,13.941688144329897,0.8295747422680413,20160.75760360208,8.930747971956462,35.72299188782585,3521.0649999999987,21958.15249999981,9172.551957500003,0.1603534268194935,False,0.2726524782717947,False
11650530,3.0028819489713023,11,75,3,0.6769536252023725,5.7,서초구,서초3동,32113.0,18.09547535266092,1.3577056020926104,10694.060088176611,3.663147665118261,24.976006807624508,6598.807500000032,36497.67749999991,18686.861365000022,0.180800750951894,True,0.33659906698734604,False
11650531,0.8742267026014354,8,37,0,0.6804787216271471,4.2,서초구,서초4동,29962.0,16.42413724050464,0.2903677992123356,34272.57473472511,9.15094445890798,42.32311812244941,3336.9524999999985,22414.50749999992,8953.366145000007,0.148874674136829,False,0.2766366685955612,False
11650540,1.833824508808528,10,21,1,0.5504992869656529,1.7,서초구,잠원동,34069.0,15.222049370395377,0.8658898118524172,18578.11357431105,5.453084497434926,11.451477444613344,3583.452500000003,17769.86999999995,10470.810302500004,0.2016589035260254,False,0.23052109767197104,False
11650550,1.0440086388897414,2,4,1,0.530040564556217,1.3,서초구,반포본동,204.0,19.607843137254903,,195.40068194928472,1.915692960287105,3.83138592057421,870.1375000000007,3566.270000000004,2299.082939999999,0.2439909204855492,False,,False
11650560,1.0073910706512677,9,23,2,0.2006886943164247,2.4,서초구,반포1동,33083.0,13.868149805035818,1.580872351358704,32840.275205747246,8.933968408298076,22.831252598983973,2708.042500000003,15361.79249999998,7558.748344999993,0.1762842780228939,False,0.07875875767829689,False
11650570,1.1855915369455134,9,16,1,0.4386334384704201,1.5,서초구,반포2동,26533.0,15.203708589303886,0.0753778313797912,22379.5457146717,7.591147304565835,13.495372985894818,2930.137499999999,13913.937500000093,8306.655557499997,0.2105901007532899,False,0.15674061849501095,False
11650580,1.306189888889118,6,12,0,0.7676522268562911,2.1,서초구,반포3동,23580.0,15.78880407124682,0.1823579304495335,18052.505382700678,4.593512820025617,9.187025640051234,2709.847500000001,13389.972499999963,7855.558122499993,0.2023788697101512,False,0.2898554086555342,False
11650581,1.4549591779113464,8,37,1,0.6366253899973027,5.4,서초구,반포4동,17878.0,18.665398814185032,0.749524555319387,12287.629970254287,5.498436053363592,25.430266746806613,5105.665000000005,30791.017500000085,14831.862142499998,0.1658167028744662,True,0.3264303421055165,False
11650590,0.6579997015333116,6,21,0,0.7047505723197188,3.0,서초구,방배본동,19822.0,18.33316517001312,1.785894460700232,30124.63372522746,9.118545169577478,31.91490809352117,1916.475000000002,9020.822499999984,5324.714542500003,0.2124501396629858,False,0.3665164737956232,False
11650600,0.6962331572087479,5,22,2,0.3340487941604298,5.2,서초구,방배1동,16309.0,21.166227236495185,2.274817585382304,23424.624109233795,7.181502271516892,31.598609994674323,1547.4575000000002,8754.827500000021,4152.611059999997,0.1767547675839411,False,0.2944536418049677,False
11650610,1.9290961435858092,9,35,2,0.6024914014194783,8.0,서초구,방배2동,17377.0,23.34119813546642,2.773781435230477,9007.84549167134,4.665397331244867,18.14321184373004,1996.4549999999945,10371.155000000008,5601.872599999999,0.1925007388280276,False,0.5039810605385155,False
11650620,2.405580325126771,10,44,0,0.8586394387004399,11.0,서초구,방배3동,15372.0,21.883944834764502,0.7090814467863649,6390.142054055051,4.157001076018117,18.29080473447972,1593.7575000000004,8147.542500000011,4590.920517500002,0.1956120511184812,False,0.47096761229840434,False
11650621,0.939125526341719,8,27,0,0.3000911225823367,3.8,서초구,방배4동,25660.0,16.983632112236943,1.391270459859704,27323.29095552996,8.518563041474655,28.750150264976963,2325.482499999999,11371.39,6303.943097500008,0.2045029235651929,False,0.14078300073184372,False
11650651,5.722666666523834,19,74,1,1.6357641234372589,8.5,서초구,양재1동,40218.0,21.612213436769604,6.2882291511263615,7027.842497845493,3.320130475385757,12.931034483081367,9207.467499999984,28941.20500000019,27312.9658425,0.3181438886183185,False,0.7492516525660635,True
11650652,7.410845525209421,17,53,2,1.3591904393501073,10.4,서초구,양재2동,20774.0,17.777028978530854,4.168672378935208,2803.1889113506995,2.293935279337725,7.151680576758789,7452.29750000001,21711.844999999947,22242.94617749999,0.3432364914174741,False,0.5466078151316333,True
11650660,13.09882193860282,24,58,0,1.436051625812408,10.5,서초구,내곡동,16563.0,23.745698243071907,5.101732777878404,1264.4648562775014,1.8322258377504097,4.427879107896824,4658.947500000009,9492.374999999967,13523.681322499968,0.4908094654920422,False,0.733432744781162,True
11680510,1.7381188285577072,8,14,2,0.6357143070066171,1.7,강남구,신사동,14969.0,21.87854900126929,1.4763845280245842,8612.184480172333,4.602677255753802,8.054685197569153,4526.419999999986,19767.632500000225,13430.277517500006,0.2289813916765163,True,0.42340181987281084,False
11680521,1.24333532069927,6,17,1,0.4542365695291769,4.0,강남구,논현1동,20589.0,16.0814026907572,4.448977609403079,16559.49095729095,4.825729551884292,13.672900397005494,4621.360000000013,22304.959999999788,12664.932277500004,0.2071897909702621,True,0.34384409903187585,False
11680531,1.4374036023613947,12,26,1,0.4126186697806605,3.1,강남구,논현2동,20085.0,17.16206123973114,2.8429176001991534,13973.110939059825,8.348385923262029,18.088169500401065,5124.0,23710.32750000005,14241.235010000011,0.2161083603758737,False,0.2721010311511471,False
11680580,1.9207580900027077,18,29,2,0.2858680830853608,4.7,강남구,삼성1동,12752.0,21.267252195734,1.066499372647428,6639.045315686801,9.37129984962064,15.0982053132777,5707.10250000001,33416.16000000004,17234.196592500004,0.1707886992401282,False,0.24087274403632572,False
11680590,1.2556608399481923,4,21,3,0.4351296856078374,2.0,강남구,삼성2동,30171.0,14.520566106526134,1.7931125915614332,24027.98513748731,3.185573582246172,16.724261306792403,2984.070000000001,18726.85500000004,8436.454000000007,0.1593470980578423,False,0.1939211785414138,False
11680600,0.8057972018783244,5,17,1,0.4051868843110615,3.5,강남구,대치1동,23509.0,13.007784252839338,0.0723127312943978,29174.834493344228,6.2050351978698,21.097119672757323,3458.102499999997,17682.080000000045,9595.941557499997,0.1955710244496115,True,0.11745786848789659,False
11680630,0.7014789227422551,3,14,0,0.6001666364170796,2.6,강남구,대치4동,18018.0,13.103563103563104,3.42990342990343,25685.73255139751,4.276678746486431,19.957834150270013,4655.610000000004,24888.86499999996,12941.061960000005,0.1870559384688699,True,0.3243959027902377,False
11680640,2.361125801972084,16,47,4,0.3937832753431257,2.4,강남구,역삼1동,34228.0,12.422578006310625,3.6461376650695336,14496.47450864826,6.776428425218306,19.90575849907877,9341.08499999999,52445.25750000082,24973.73388999996,0.1781111476094829,True,0.23917137699346935,False
11680650,1.1206276239147737,9,26,0,0.7389874163395604,3.5,강남구,역삼2동,35942.0,11.652106171053363,1.460686661844082,32073.09835397514,8.031213766228264,23.20128421354832,4313.982499999992,23549.48749999996,11477.434150000005,0.1831879568504409,False,0.27973389355963313,False
11680655,1.0077109139002458,6,18,0,0.6210792626287716,6.8,강남구,도곡1동,20764.0,17.135426700057792,0.66942785590445,20605.11572672661,5.954088535944888,17.862265607834665,5085.654999999991,20600.32750000002,14230.353897499994,0.2468725315167919,True,0.27603385617579485,False
11680656,1.0288039806120697,10,22,2,0.4119865960480043,3.6,강남구,도곡2동,31502.0,18.42740143482953,0.301568154402895,30620.02149453039,9.720024599876322,21.38405411972791,3281.0799999999954,15666.817499999976,8438.012409999988,0.2094286219903947,False,0.2120151771966056,False
11680660,1.7364795946083131,6,16,0,0.7354863600854905,7.0,강남구,개포1동,26479.0,17.478001435099515,0.543827183806035,15248.667523773986,3.45526663177023,9.21404435138728,2399.082499999995,10805.740000000173,6201.198555000005,0.2220192693883025,False,0.31830392045316763,False
11680690,1.5792471062934348,9,28,0,1.1926214202136476,9.7,강남구,개포4동,22999.0,18.46602026175051,3.3436236358102525,14563.268729983432,5.698918151652284,17.729967582918217,2625.7774999999974,10052.392500000102,7271.607967499996,0.261209209648347,False,0.5205744981205246,True
11680720,2.4196304589616062,6,29,1,0.1143887364028504,7.3,강남구,일원본동,22246.0,18.0751595792502,0.543918007731727,9193.965928808384,2.4797175030500003,11.985301264741668,3796.574999999996,12163.229999999923,10885.486304999997,0.3121354278427704,True,0.10400263238610252,False
11680730,0.943822366030282,6,15,0,0.913073260547226,2.5,강남구,일원1동,14039.0,27.715649262768004,12.607735593703255,14874.621014808168,6.357128434279437,15.892821085698593,1926.302500000002,5932.860000000024,5470.279709999997,0.3246836264466032,False,0.8971629101616448,True
11680675,1.0313973545718444,4,12,2,0.2391174204865029,2.0,강남구,개포3동,15404.0,24.415736172422747,9.114515710205142,14935.078058634866,3.878233720756912,11.634701162270735,1940.8749999999957,7412.254999999908,5919.163262500001,0.2618467659302088,False,0.571028608919867,False
11680750,1.6199143587805325,4,18,1,0.1006155357668233,4.1,강남구,수서동,13454.0,41.16247955998216,25.86591348297904,8305.37733496488,2.469266340111455,11.111698530501547,5925.917500000005,18617.9874999999,16285.836622499995,0.318289906468142,True,0.672136558158853,False
11680700,5.896083749983082,22,66,0,1.6074689033065044,5.7,강남구,세곡동,45640.0,18.34355828220859,6.314636283961438,7740.731294756619,3.731290282310377,11.193870846931132,5803.074999999986,13921.297500000048,17822.47362500002,0.4168487168670856,False,0.6633832326305203,True
11680545,2.333289725498612,8,20,1,0.528746215190145,2.4,강남구,압구정동,25429.0,22.273781902552205,0.4719021589523772,10898.346537126226,3.4286355065873533,8.571588766468382,7581.855000000007,29351.255000000245,22744.68772000002,0.2583145081871267,True,0.37003958626027433,False
11680565,2.3706863708750627,10,25,0,0.7458687084841122,3.5,강남구,청담동,26344.0,18.721530519283327,0.9148193136957182,11112.393576665292,4.218187661959191,10.545469154897978,7432.002500000013,30425.550000000105,22006.64799500002,0.244268468441819,True,0.3679569903332769,False
11680610,2.0557027777293384,17,31,4,0.4279686566000197,3.1,강남구,대치2동,38227.0,16.611295681063122,0.4525597091061292,18595.58707325593,8.269677982717734,15.08000102730881,5506.840000000006,28378.685000000245,16414.113217500006,0.1940484557335887,False,0.17887577482568018,False
11680670,1.5824490410509688,12,35,2,0.3628539226691912,3.2,강남구,개포2동,40040.0,14.575424575424575,0.6468531468531469,25302.552538063283,7.583182578840145,22.117615854950422,4248.314999999997,16529.72750000001,11668.92134500001,0.2570105889525398,False,0.12397515970978527,False
11710510,1.0558032128819417,4,8,0,0.8205416991792683,1.4,송파구,풍납1동,10596.0,28.897697244243112,5.303888259720649,10035.96112487378,3.788584796101842,7.577169592203684,1132.949999999999,4856.340000000015,2993.491132499999,0.2332929737209494,False,0.7772126279838886,False
11710520,1.988837487561993,13,24,0,0.92974608790146,1.3,송파구,풍납2동,22954.0,20.46266445935349,2.3830269234120416,11541.4155975801,6.536481779582699,12.067350977691136,3824.712500000015,17585.955000000104,11458.677490000002,0.2174867671388896,False,0.4954511332952394,False
11710531,0.5050110329108104,5,7,1,0.2633936693834001,1.7,송파구,거여1동,11770.0,26.244689889549704,6.04927782497876,23306.421509564705,9.900773793357988,13.861083310701185,1393.0975000000003,5353.292499999996,3632.7949675,0.2602319040104761,False,0.5526805453443024,False
11710532,0.5046931945424764,5,10,0,0.3061688216589371,1.4,송파구,거여2동,22906.0,23.2122587968218,4.404959399284031,45385.98944407237,9.907008959240455,19.81401791848091,1483.1800000000014,6457.625000000051,4084.1181149999975,0.2296788680048763,False,0.4334343859458651,False
11710540,0.5182558205062806,4,12,1,0.2700906154342004,2.3,송파구,마천1동,15079.0,28.887857284965847,11.512699781152596,29095.669365120542,7.718195998440359,23.15458799532108,1078.920000000001,3706.219999999973,3248.40017,0.2911106194451514,False,0.6710763499802667,False
11710550,0.9557433054884586,7,14,0,0.6397570603242863,4.1,송파구,마천2동,16863.0,30.48093459052363,9.523809523809524,17643.858872107616,7.324142329642015,14.64828465928403,1285.0399999999986,5399.320000000026,3908.360294999999,0.2380003407836528,False,0.8369343485199456,False
11710561,0.5841400772676095,7,10,1,0.3487145517214264,2.0,송파구,방이1동,14748.0,19.20260374288039,2.386764307024681,25247.36886567631,11.98342704500503,17.119181492864328,3425.7574999999965,13229.412500000037,8726.734847500009,0.2589500856519507,False,0.2628533047560269,False
11710562,0.7658411058120812,3,13,1,0.3545773779151319,2.0,송파구,방이2동,26301.0,16.425230979810653,3.7907303904794496,34342.63295662485,3.917261658107089,16.974800518464054,4773.029999999997,21623.6350000002,13315.0343525,0.2207320832043249,True,0.2621942877053251,False
11710566,3.131256095388165,23,22,3,0.3302280633124011,1.7,송파구,오륜동,17369.0,20.85324428579653,0.0748459899821521,5546.975230030445,7.345295082658773,7.025934426891001,4244.6075000000055,14409.452500000072,10448.610540000009,0.2945710463322589,False,0.21470276850283013,False
11710570,1.7295026397589257,19,44,1,0.5687498643020212,2.1,송파구,오금동,36911.0,22.35106065942402,5.150226219826068,21341.973785680377,10.985817288286071,25.440840036030902,4813.485000000006,18352.84999999991,12209.545427499994,0.2622745241202336,False,0.5713074491150835,False
11710580,0.6951132195732572,5,15,2,0.3820904786632094,1.6,송파구,송파1동,22839.0,18.12688821752266,2.7058978063838173,32856.51798425195,7.193072810598527,21.579218431795574,2686.6999999999985,14428.69500000012,7306.690435000008,0.1862053359642002,False,0.2635565333109882,False
11710590,0.5978406322923463,4,11,0,0.5901898673814984,1.4,송파구,송파2동,17616.0,18.432107175295187,1.7200272479564032,29466.04671625215,6.690746302509571,18.39955233190132,1386.2774999999983,7201.675000000067,3599.5532274999973,0.1924937601321894,False,0.325037955878865,False
11710600,0.9302255438037226,5,18,1,0.4353123732083356,1.0,송파구,석촌동,29872.0,18.508971612212104,4.141001606855919,32112.642142519995,5.375040530014728,19.350145908053022,3231.980000000006,16211.920000000106,8907.593842499982,0.1993582499790268,False,0.37225142390763527,False
11710610,0.9881229432668748,5,14,0,0.5036815999797241,0.6,송파구,삼전동,28062.0,17.251086879053524,5.259781911481719,28399.300098450345,5.060099083894651,14.168277434905026,2681.877500000006,12149.162499999937,7593.746062500011,0.2207458744584262,False,0.42100072227027363,False
11710620,1.047163386251552,8,28,2,0.4378459199833864,2.5,송파구,가락본동,24530.0,19.91031390134529,2.710966163880962,23425.188773843685,7.639686514094965,26.73890279933238,8951.015000000009,24706.8875,22540.283002499968,0.3622882485703636,True,0.3413524743635082,False
11710631,1.3645905135814882,8,13,1,0.6622224841181825,1.2,송파구,가락1동,27053.0,16.992570140095367,0.6173067681957639,19824.994920268804,5.862564571846022,9.526667429249786,4503.862499999997,15757.717499999828,11552.6574225,0.2858194722681154,True,0.28536798042427164,False
11710632,0.93934541157339,6,23,1,0.3858360883106925,2.4,송파구,가락2동,28431.0,17.667334951285568,2.085751468467518,30266.82160759,6.387426740021103,24.485135836747563,2506.0224999999964,11251.745000000026,6418.982027500004,0.2227230087421987,False,0.2256272181695448,False
11710641,0.6660868942243795,8,18,0,0.4085070540909238,1.7,송파구,문정1동,19611.0,19.973484269032685,2.401713324154811,29442.104581318777,12.010444987535069,27.023501221953904,2111.832500000001,8036.2224999999935,5249.332642500008,0.2627892022651193,False,0.3162094629030762,False
11710642,2.350891584163082,25,33,2,0.5373485940298172,1.4,송파구,문정2동,28548.0,16.698192517864648,0.3572929802437999,12143.477901029231,10.634263259273183,14.037227502240604,8840.790000000008,27625.454999999976,24079.26123999995,0.3200233263126351,False,0.22737979270722164,False
11710650,1.1375287619048786,6,13,2,0.4099220952121686,1.1,송파구,잠실본동,26925.0,16.98050139275766,4.148560817084494,23669.73117665353,5.274591905660954,11.428282462265402,3848.435000000005,19780.445000000065,11695.24131499998,0.1945575541905145,True,0.31796856001841894,False
11710690,0.8384062660012807,5,13,1,0.487206957211,1.1,송파구,잠실4동,32554.0,16.335934140197825,0.0860109356761073,38828.43117962846,5.963695886777118,15.505609305620508,2143.407500000002,10908.667499999912,6202.467302500004,0.1964866469713206,False,0.19363155505247545,False
11710710,1.3954233564669956,10,15,1,0.415660777730675,1.6,송파구,잠실6동,16060.0,20.846824408468244,0.224159402241594,11509.052020357129,7.166283947918511,10.749425921877766,6129.742500000011,31538.36750000003,18646.829375000005,0.1943582685438618,True,0.2718770542503299,False
11710720,0.6789843363850211,4,4,1,0.5240315208652053,3.5,송파구,잠실7동,9294.0,26.72692059393157,0.1291155584247902,13688.091907218604,5.891152101234604,5.891152101234604,944.28,4656.195000000008,2709.279232500001,0.2028007847609471,False,0.4551457588332666,False
11710670,2.8709430232296103,9,11,0,0.8160449294866353,1.6,송파구,잠실2동,34460.0,12.756819500870575,0.0841555426581543,12003.024692992656,3.1348584514490394,3.83149366288216,3672.682500000003,17511.472500000033,11033.374812499991,0.2097300783814722,False,0.269257608100284,False
11710680,1.5110174104971388,12,28,0,0.8795697150487627,2.2,송파구,잠실3동,33358.0,20.6367288206727,0.1648779902871874,22076.51597411105,7.941668915682373,18.530560803258872,4353.124999999993,22208.74250000029,12674.67351500003,0.1960095219258783,False,0.4228405888856644,False
11710646,1.218200395067871,14,41,1,0.8459865404697283,3.0,송파구,장지동,30689.0,19.52491120596957,5.894620222229463,25192.07851536626,11.49236205855934,33.656203171495214,2486.137499999997,10205.435000000034,6338.9534500000045,0.2436091651164295,False,0.6109515446647446,False
11710647,2.6010230890321826,25,57,0,1.4399971105133142,2.4,송파구,위례동,44859.0,10.483960855123833,2.877906328718874,17246.675044584717,9.611602490350164,21.91445367799837,3494.972500000002,10385.737499999985,9491.592369999997,0.3365165449251925,False,0.4203509367710263,True
11740526,1.0838952215267776,7,19,1,0.7468880881196102,1.4,강동구,상일제2동,,,,,6.458188818417136,17.52936964998937,1451.9500000000014,5473.317499999999,4212.372030000004,0.2652778684956613,False,,False
11740525,1.7780639911415077,10,40,1,0.7021234279935941,3.5,강동구,상일제1동,,,,,5.6240945488019545,22.496378195207814,3004.1925,13488.68750000004,7696.452370000006,0.2227194083931435,False,,False
11740530,0.6201029335223787,5,18,1,0.3816126297525993,1.6,강동구,명일1동,24707.0,20.69049257295504,1.8213461771967456,39843.38512907286,8.063177465712725,29.02743887656581,1573.5000000000005,9964.577500000029,3489.5152325,0.1579093544106607,False,0.294210912493361,False
11740540,0.9358144109598172,9,14,1,0.7098334749645567,3.7,강동구,명일2동,16804.0,19.54891692454177,1.0771244941680551,17956.551858145667,9.617291521263448,14.960231255298698,1890.4324999999988,9040.972500000058,3939.5348625,0.2090961453538307,False,0.3798495167690475,False
11740550,1.523421795058583,9,33,0,0.821463730312841,3.5,강동구,고덕1동,23603.0,15.133669448798882,1.8175655636995296,15493.411001837709,5.907753210038528,21.66176177014127,1620.954999999998,6519.797500000047,3894.4102125,0.248620451785502,False,0.3434326769253137,True
11740560,2.5047168961347426,14,39,0,0.9983174537770896,2.8,강동구,고덕2동,26176.0,15.628820293398531,2.3112775061124693,10450.682087222942,5.589454050317894,15.570621997314133,1909.537499999999,7685.760000000007,4972.69475,0.2484513567949034,False,0.39922359759188536,True
11740580,2.4385225760950324,3,7,1,0.9876908636856884,1.9,강동구,암사2동,14472.0,20.27363184079602,1.2506909894969596,5934.741036178952,1.230253116952519,2.8705906062225446,1232.4149999999993,5465.417499999983,3185.294902499998,0.2254932948855239,False,0.45903468796225155,False
11740590,1.7946386080628671,8,15,1,0.7340109366840251,3.6,강동구,암사3동,16821.0,19.79668271803104,0.7133939718209381,9372.917714144458,4.457721997096229,8.35822874455543,1094.8599999999994,5217.029999999997,2639.009285000001,0.209862699658618,False,0.3837321074253813,False
11740600,0.6841530504866493,3,23,1,0.3801840630106539,1.6,강동구,천호1동,23858.0,26.39785396931847,7.838041747003102,34872.313999081656,4.384983736995765,33.618208650300865,1206.4950000000008,7283.367500000013,2879.728875000001,0.1656507103341961,False,0.6580454496367845,False
11740620,0.5378152789320341,4,11,0,0.3856443057177273,3.0,강동구,천호3동,27670.0,21.34080231297434,5.786049873509215,51448.89162491936,7.437497885785235,20.4531191859094,1948.4275,10678.192500000025,4796.89266,0.1824679129918285,False,0.48370252437958056,False
11740640,0.6602328177852442,7,21,1,0.4602910341020704,0.6,강동구,성내1동,18834.0,20.314325156631625,2.1716045449718595,28526.30086335119,10.602320592729017,31.80696177818705,2646.2824999999943,11548.707500000022,7174.576860000009,0.2291410099355265,False,0.34514040874153756,False
11740650,0.6253283364265124,5,18,2,0.4568516046071108,1.4,강동구,성내2동,23832.0,22.39845585767036,4.850621013763008,38111.17873882035,7.995799500423874,28.784878201525945,2271.4849999999988,12467.88750000008,5914.933535,0.1821868379867867,False,0.5180139918759191,False
11740660,0.6407499921393265,7,15,0,0.3435072637244858,0.8,강동구,성내3동,21516.0,22.43446737311768,3.987730061349693,33579.399553580486,10.924697753999972,23.410066615714225,3992.3800000000074,15589.492500000126,10541.780452499988,0.2560942891502064,True,0.4127677038143771,False
11740690,0.8942397603861857,4,14,1,0.4039662030763093,2.3,강동구,둔촌1동,32933.0,15.282543345580422,0.042510551726232,36827.93078422009,4.473073304493376,15.655756565726817,3255.9699999999984,12861.61000000019,9241.01201750001,0.2531541541066748,True,0.13874369578403198,False
11740700,1.5907744950381146,10,33,1,0.440518316994965,3.4,강동구,둔촌2동,25160.0,21.502384737678856,2.5278219395866453,15816.195242303764,6.286246121742354,20.744612201749767,2538.32,9808.962500000043,6912.527772500003,0.2587755840640626,False,0.3791366095504529,False
11740570,0.728933461397366,4,13,0,0.5989032525076865,1.9,강동구,암사1동,32502.0,23.792382007261093,7.030336594671097,44588.43189568173,5.487469312126236,17.834275264410266,5797.402500000013,16625.71250000014,15652.162074999998,0.3487009955212424,True,0.6817190400722449,False
11740610,1.8252012263824184,9,26,0,0.7237901508962752,1.1,강동구,천호2동,36019.0,21.43313251339571,6.155084816346928,19734.26243603304,4.9309631562313605,14.245004673557265,3922.874999999991,19406.400000000045,9459.457995,0.2021433650754381,False,0.6435270859768841,False
11740685,1.5980587915013933,12,34,1,0.607312938752366,1.8,강동구,길동,47898.0,22.391331579606664,4.006430331120297,29972.614433665058,7.509110468161107,21.275812993123136,7352.505000000007,29873.965000000047,17403.807850000023,0.2461174805553931,True,0.5371845840560113,False
11530780,3.070752355859579,18,59,1,0.2381445326399777,6.1,구로구,오류2동,35376.0,24.52510176390773,6.688150158299412,11520.303788905632,5.861755659212499,19.213532438529857,2021.7899999999968,8810.379999999976,5613.152944999993,0.2294781836878776,False,0.5291625499470329,False
11740515,2.1844259207932084,13,45,0,1.2863814949816574,1.6,강동구,강일동,34223.0,21.146597317593432,7.459895391987844,15666.816473031482,5.95122035325393,20.60037814587899,2271.8574999999964,8862.57250000004,6801.405635,0.2563428959255324,False,0.7486382146568737,True
